city,bd,age_missing,gender,registered_via,txn_count,cancel_count,autorenew_share,last_plan_days,last_actual_paid,last_list_price,last_discount,last_auto_renew,last_is_cancel,payment_method_id,secs_total,secs_mean,unq_mean,active_days,plays_100,plays_25,completion_ratio,has_logs,tenure_days,seq_days_since_last,seq_cancel_last3,seq_price_slope,seq_gap_widening,seq_mean_gap_days,seq_ar_dropped
1.0,,1.0,,7.0,1.0,1.0,1.0,30.0,149.0,149.0,0.0,1.0,1.0,41.0,2298.064,2298.064,20.0,1.0,5.0,13.0,0.35714285714285715,1,99.0,6.0,0.0,0.0,0.0,31.0,0.0
4.0,31.0,0.0,male,9.0,1.0,0.0,1.0,30.0,149.0,149.0,0.0,1.0,0.0,37.0,98824.353,4117.681375,18.0,24.0,369.0,83.0,4.392857142857143,1,3492.0,23.0,0.0,0.0,0.048484848484848485,30.6,0.0
1.0,,1.0,,7.0,1.0,0.0,1.0,30.0,99.0,99.0,0.0,1.0,0.0,41.0,21857.886,1366.117875,12.1875,16.0,78.0,98.0,0.7878787878787878,1,1119.0,22.0,0.0,0.0,0.1,30.75,0.0
,,,,,1.0,0.0,1.0,30.0,99.0,99.0,0.0,1.0,0.0,41.0,0.0,0.0,0.0,0.0,0.0,0.0,0.0,0,,19.0,0.0,0.0,0.016176470588235296,30.5625,0.0
1.0,,1.0,,7.0,1.0,0.0,1.0,30.0,129.0,129.0,0.0,1.0,0.0,41.0,14625.215,2925.043,15.6,5.0,55.0,12.0,4.230769230769231,1,2107.0,5.0,0.0,0.0,0.02076923076923077,30.48,0.0
1.0,,1.0,,7.0,1.0,0.0,1.0,30.0,99.0,99.0,0.0,1.0,0.0,41.0,4235.657999999999,847.1315999999999,6.0,5.0,11.0,11.0,0.9166666666666666,1,99.0,6.0,0.0,0.0,0.0,31.0,0.0
5.0,59.0,0.0,female,9.0,1.0,0.0,1.0,30.0,149.0,149.0,0.0,1.0,0.0,34.0,128.72,128.72,2.0,1.0,0.0,2.0,0.0,1,3563.0,0.0,0.0,0.0,-0.8155844155844156,33.333333333333336,0.0
5.0,32.0,0.0,male,7.0,1.0,0.0,1.0,30.0,149.0,149.0,0.0,1.0,0.0,41.0,83271.429,6939.28575,22.0,12.0,319.0,19.0,15.95,1,1829.0,1.0,0.0,0.0,0.02076923076923077,30.48,0.0
1.0,,1.0,,7.0,1.0,0.0,1.0,30.0,99.0,99.0,0.0,1.0,0.0,41.0,6360.583,6360.583,30.0,1.0,27.0,3.0,6.75,1,503.0,14.0,0.0,0.0,0.03214285714285714,30.533333333333335,0.0
6.0,29.0,0.0,male,9.0,1.0,0.0,1.0,30.0,149.0,149.0,0.0,1.0,0.0,34.0,1221532.841,39404.285193548385,138.74193548387098,31.0,4566.0,131.0,34.59090909090909,1,4072.0,0.0,0.0,0.0,-0.8155844155844156,33.333333333333336,0.0
1.0,,1.0,,7.0,1.0,0.0,1.0,30.0,99.0,99.0,0.0,1.0,0.0,41.0,0.0,0.0,0.0,0.0,0.0,0.0,0.0,0,1205.0,26.0,0.0,6.6,2.5595238095238093,26.875,0.0
14.0,21.0,0.0,female,7.0,1.0,0.0,1.0,30.0,99.0,99.0,0.0,1.0,0.0,41.0,116169.66799999999,5050.855130434782,18.130434782608695,23.0,535.0,49.0,10.7,1,164.0,11.0,0.0,0.0,0.4,30.5,0.0
13.0,29.0,0.0,male,9.0,1.0,0.0,1.0,30.0,149.0,149.0,0.0,1.0,0.0,40.0,30683.381,2789.398272727273,15.363636363636363,11.0,117.0,44.0,2.6,1,3581.0,17.0,0.0,0.0,0.02076923076923077,30.48,0.0
1.0,,1.0,,7.0,1.0,0.0,1.0,30.0,99.0,99.0,0.0,1.0,0.0,41.0,16261.427,2032.678375,12.0,8.0,56.0,29.0,1.8666666666666667,1,538.0,18.0,0.0,0.0,0.016176470588235296,30.5625,0.0
1.0,,1.0,,7.0,1.0,0.0,1.0,30.0,99.0,99.0,0.0,1.0,0.0,41.0,0.0,0.0,0.0,0.0,0.0,0.0,0.0,0,1163.0,13.0,0.0,0.0,0.03214285714285714,30.533333333333335,0.0
,,,,,1.0,0.0,1.0,30.0,149.0,149.0,0.0,1.0,0.0,34.0,0.0,0.0,0.0,0.0,0.0,0.0,0.0,0,,0.0,0.0,0.0,-0.8155844155844156,33.333333333333336,0.0
13.0,27.0,0.0,male,9.0,2.0,0.0,1.0,30.0,149.0,149.0,0.0,1.0,0.0,39.0,408.469,408.469,2.0,1.0,1.0,2.0,0.3333333333333333,1,2395.0,28.0,0.0,0.0,0.9215686274509803,40.611111111111114,0.0
4.0,26.0,0.0,male,4.0,1.0,0.0,1.0,30.0,149.0,149.0,0.0,1.0,0.0,40.0,170863.136,5695.437866666666,16.5,30.0,626.0,139.0,4.4714285714285715,1,260.0,9.0,0.0,0.0,0.0,30.714285714285715,0.0
1.0,,1.0,,7.0,1.0,0.0,1.0,30.0,99.0,99.0,0.0,1.0,0.0,41.0,129459.25,4464.112068965517,19.24137931034483,29.0,463.0,87.0,5.261363636363637,1,418.0,22.0,0.0,0.0,0.11538461538461539,30.416666666666668,0.0
5.0,27.0,0.0,male,9.0,3.0,0.0,1.0,30.0,149.0,149.0,0.0,1.0,0.0,34.0,245965.93,8481.583793103448,42.689655172413794,29.0,927.0,292.0,3.16382252559727,1,4749.0,59.0,0.0,0.0,-0.9578947368421052,33.73684210526316,0.0
13.0,30.0,0.0,female,9.0,2.0,0.0,1.0,30.0,149.0,149.0,0.0,1.0,0.0,39.0,15046.642,2507.7736666666665,10.5,6.0,56.0,17.0,3.111111111111111,1,2312.0,28.0,0.0,0.0,0.9215686274509803,40.611111111111114,0.0
4.0,,1.0,,4.0,1.0,0.0,1.0,30.0,149.0,149.0,0.0,1.0,0.0,37.0,9214.308,3071.436,10.0,3.0,32.0,9.0,3.2,1,149.0,26.0,0.0,0.0,0.5,30.666666666666668,0.0
1.0,,1.0,,7.0,1.0,0.0,1.0,30.0,99.0,99.0,0.0,1.0,0.0,41.0,9211.283,1151.410375,5.5,8.0,36.0,8.0,4.0,1,78.0,17.0,0.0,0.0,0.0,30.0,0.0
1.0,,1.0,,7.0,1.0,0.0,1.0,30.0,129.0,129.0,0.0,1.0,0.0,41.0,28390.238,2183.8644615384615,17.46153846153846,13.0,67.0,126.0,0.5275590551181102,1,669.0,12.0,0.0,0.0,-0.05194805194805195,28.454545454545453,0.0
1.0,,1.0,,7.0,1.0,0.0,1.0,30.0,99.0,99.0,0.0,1.0,0.0,41.0,0.0,0.0,0.0,0.0,0.0,0.0,0.0,0,263.0,17.0,0.0,0.0,0.0,30.714285714285715,0.0
1.0,,1.0,,7.0,1.0,0.0,1.0,30.0,99.0,99.0,0.0,1.0,0.0,41.0,0.0,0.0,0.0,0.0,0.0,0.0,0.0,0,179.0,25.0,0.0,0.0,0.1,30.75,0.0
1.0,,1.0,,7.0,1.0,0.0,1.0,30.0,129.0,129.0,0.0,1.0,0.0,41.0,16416.85,5472.283333333333,19.666666666666668,3.0,61.0,0.0,61.0,1,2230.0,8.0,0.0,0.0,0.02076923076923077,30.48,0.0
,,,,,1.0,0.0,1.0,30.0,149.0,149.0,0.0,1.0,0.0,30.0,0.0,0.0,0.0,0.0,0.0,0.0,0.0,0,,27.0,0.0,149.0,0.0,33.0,0.0
4.0,22.0,0.0,male,9.0,1.0,0.0,1.0,30.0,100.0,100.0,0.0,1.0,0.0,30.0,69265.157,5772.096416666667,18.5,12.0,232.0,77.0,2.9743589743589745,1,140.0,13.0,0.0,0.0,0.5,30.666666666666668,0.0
22.0,47.0,0.0,female,7.0,1.0,0.0,1.0,30.0,99.0,99.0,0.0,1.0,0.0,41.0,14714.467,2452.4111666666668,10.166666666666666,6.0,53.0,7.0,6.625,1,297.0,21.0,0.0,0.0,0.05952380952380952,30.625,0.0
22.0,22.0,0.0,female,9.0,1.0,0.0,0.0,30.0,149.0,149.0,0.0,0.0,0.0,38.0,22561.914,2506.8793333333333,12.222222222222221,9.0,84.0,26.0,3.111111111111111,1,726.0,10.0,0.0,0.0,0.8791208791208791,52.61538461538461,0.0
1.0,,1.0,,3.0,1.0,1.0,1.0,30.0,180.0,180.0,0.0,1.0,1.0,36.0,296.23,148.115,4.5,2.0,0.0,8.0,0.0,1,1535.0,23.0,0.0,2.097902097902098,0.0,30.727272727272727,0.0
13.0,31.0,0.0,male,9.0,1.0,0.0,1.0,30.0,149.0,149.0,0.0,1.0,0.0,40.0,9738.759,3246.253,31.333333333333332,3.0,1.0,20.0,0.047619047619047616,1,1114.0,23.0,0.0,0.0,-0.021538461538461538,30.12,0.0
4.0,29.0,0.0,male,9.0,1.0,0.0,1.0,30.0,149.0,149.0,0.0,1.0,0.0,27.0,49189.334,3279.2889333333337,13.666666666666666,15.0,200.0,32.0,6.0606060606060606,1,871.0,10.0,0.0,0.0,0.02076923076923077,30.48,0.0
1.0,,1.0,,7.0,1.0,0.0,1.0,30.0,99.0,99.0,0.0,1.0,0.0,41.0,0.0,0.0,0.0,0.0,0.0,0.0,0.0,0,523.0,3.0,0.0,0.0,0.016176470588235296,30.5625,0.0
1.0,,1.0,,7.0,3.0,1.0,1.0,30.0,99.0,99.0,0.0,1.0,1.0,41.0,51377.871,3425.1914,14.933333333333334,15.0,203.0,24.0,8.12,1,744.0,13.0,0.0,-1.8,0.02782608695652174,29.166666666666668,0.0
4.0,31.0,0.0,male,4.0,1.0,0.0,1.0,30.0,149.0,149.0,0.0,1.0,0.0,37.0,217149.382,10857.4691,19.15,20.0,824.0,16.0,48.470588235294116,1,140.0,7.0,0.0,0.0,0.5,30.666666666666668,0.0
1.0,,1.0,,7.0,1.0,0.0,1.0,30.0,149.0,149.0,0.0,1.0,0.0,41.0,14829.145999999999,2965.8291999999997,13.6,5.0,56.0,22.0,2.4347826086956523,1,2288.0,1.0,0.0,0.0,0.11739130434782609,31.583333333333332,0.0
4.0,,1.0,,9.0,1.0,0.0,1.0,30.0,149.0,149.0,0.0,1.0,0.0,37.0,110209.784,5800.514947368421,26.105263157894736,19.0,428.0,48.0,8.73469387755102,1,1244.0,0.0,0.0,0.0,0.2246153846153846,29.576923076923077,1.0
5.0,33.0,0.0,female,9.0,1.0,0.0,1.0,30.0,149.0,149.0,0.0,1.0,0.0,33.0,149822.516,6810.114363636364,25.045454545454547,22.0,551.0,108.0,5.055045871559633,1,2550.0,0.0,0.0,0.0,-0.8155844155844156,33.333333333333336,0.0
1.0,,1.0,,7.0,1.0,0.0,1.0,30.0,99.0,99.0,0.0,1.0,0.0,41.0,150766.26200000002,5583.93562962963,24.77777777777778,27.0,619.0,146.0,4.210884353741497,1,968.0,26.0,0.0,0.0,0.0,0.0,0.0
,,,,,1.0,0.0,1.0,30.0,99.0,99.0,0.0,1.0,0.0,41.0,0.0,0.0,0.0,0.0,0.0,0.0,0.0,0,,1.0,0.0,0.0,0.016666666666666666,30.666666666666668,0.0
4.0,27.0,0.0,male,9.0,1.0,0.0,0.0,30.0,180.0,180.0,0.0,0.0,0.0,36.0,81432.601,4285.926368421053,8.578947368421053,19.0,291.0,27.0,10.392857142857142,1,3620.0,14.0,0.0,2.097902097902098,-0.03636363636363636,31.454545454545453,0.0
1.0,,1.0,,7.0,1.0,0.0,1.0,30.0,99.0,99.0,0.0,1.0,0.0,41.0,36815.623,2045.3123888888888,9.11111111111111,18.0,129.0,30.0,4.161290322580645,1,2366.0,0.0,0.0,0.0,-4.0,30.0,0.0
1.0,,1.0,,7.0,1.0,0.0,1.0,30.0,149.0,149.0,0.0,1.0,0.0,41.0,0.0,0.0,0.0,0.0,0.0,0.0,0.0,0,2479.0,369.0,1.0,-3.725,-0.7164835164835165,28.571428571428573,1.0
,,,,,1.0,0.0,1.0,30.0,99.0,99.0,0.0,1.0,0.0,41.0,0.0,0.0,0.0,0.0,0.0,0.0,0.0,0,,23.0,0.0,0.0,0.8021978021978022,32.642857142857146,0.0
1.0,,1.0,,7.0,1.0,0.0,1.0,30.0,99.0,99.0,0.0,1.0,0.0,41.0,43430.35,7238.391666666666,34.333333333333336,6.0,161.0,56.0,2.824561403508772,1,513.0,24.0,0.0,0.0,0.03214285714285714,30.533333333333335,0.0
1.0,,1.0,,7.0,1.0,0.0,1.0,30.0,99.0,99.0,0.0,1.0,0.0,41.0,0.0,0.0,0.0,0.0,0.0,0.0,0.0,0,538.0,18.0,0.0,0.0,0.016176470588235296,30.5625,0.0
15.0,25.0,0.0,female,3.0,1.0,0.0,1.0,30.0,149.0,149.0,0.0,1.0,0.0,34.0,161072.802,9474.870705882353,44.35294117647059,17.0,594.0,244.0,2.4244897959183676,1,1102.0,0.0,0.0,0.0,-0.5,29.333333333333332,0.0
1.0,,1.0,,7.0,1.0,0.0,1.0,30.0,99.0,99.0,0.0,1.0,0.0,41.0,71029.23,6457.202727272727,23.545454545454547,11.0,265.0,114.0,2.3043478260869565,1,449.0,21.0,0.0,0.0,0.04395604395604396,30.53846153846154,0.0
1.0,,1.0,,7.0,1.0,0.0,1.0,30.0,99.0,99.0,0.0,1.0,0.0,41.0,66593.01699999999,3699.6120555555553,16.666666666666668,18.0,266.0,83.0,3.1666666666666665,1,2308.0,16.0,0.0,0.180623973727422,-0.35592185592185593,28.333333333333332,0.0
,,,,,1.0,0.0,1.0,30.0,99.0,99.0,0.0,1.0,0.0,41.0,0.0,0.0,0.0,0.0,0.0,0.0,0.0,0,,25.0,0.0,0.0,0.05714285714285714,30.466666666666665,0.0
1.0,,1.0,,7.0,1.0,0.0,1.0,30.0,99.0,99.0,0.0,1.0,0.0,41.0,108479.48300000001,9039.956916666668,30.416666666666668,12.0,409.0,23.0,17.041666666666668,1,549.0,0.0,0.0,0.0,-0.7352941176470589,32.375,0.0
1.0,,1.0,,7.0,1.0,0.0,1.0,30.0,99.0,99.0,0.0,1.0,0.0,41.0,110200.807,6887.5504375,36.875,16.0,404.0,193.0,2.082474226804124,1,622.0,10.0,0.0,0.0,0.0035087719298245615,30.57894736842105,0.0
6.0,27.0,0.0,male,9.0,1.0,0.0,1.0,30.0,149.0,149.0,0.0,1.0,0.0,34.0,1912.9779999999998,637.6593333333333,2.3333333333333335,3.0,6.0,3.0,1.5,1,4164.0,0.0,0.0,0.0,-0.8155844155844156,33.333333333333336,0.0
13.0,32.0,0.0,male,9.0,1.0,0.0,1.0,30.0,149.0,149.0,0.0,1.0,0.0,34.0,165916.516,5925.589857142857,28.678571428571427,28.0,608.0,270.0,2.243542435424354,1,3889.0,0.0,0.0,0.0,-0.8155844155844156,33.333333333333336,0.0
22.0,41.0,0.0,male,9.0,1.0,0.0,1.0,30.0,149.0,149.0,0.0,1.0,0.0,31.0,98965.53600000001,5208.712421052632,25.94736842105263,19.0,405.0,70.0,5.704225352112676,1,2166.0,0.0,0.0,0.0,-0.8155844155844156,33.333333333333336,0.0
13.0,23.0,0.0,male,9.0,1.0,0.0,1.0,30.0,149.0,149.0,0.0,1.0,0.0,31.0,99102.471,4308.803086956522,16.26086956521739,23.0,344.0,134.0,2.5481481481481483,1,3513.0,0.0,0.0,0.0,-0.8155844155844156,33.333333333333336,0.0
13.0,20.0,0.0,female,3.0,1.0,0.0,0.0,30.0,149.0,149.0,0.0,0.0,0.0,38.0,396448.335,12788.655967741935,43.193548387096776,31.0,1342.0,246.0,5.433198380566802,1,1070.0,7.0,0.0,0.0,6.0,27.0,0.0
4.0,,1.0,,9.0,1.0,0.0,1.0,30.0,149.0,149.0,0.0,1.0,0.0,37.0,26678.65,2425.331818181818,10.818181818181818,11.0,91.0,44.0,2.022222222222222,1,2290.0,24.0,0.0,0.0,0.013076923076923076,30.52,0.0
,,,,,1.0,0.0,1.0,30.0,99.0,99.0,0.0,1.0,0.0,41.0,0.0,0.0,0.0,0.0,0.0,0.0,0.0,0,,14.0,0.0,0.0,1.0,30.5,0.0
1.0,,1.0,,7.0,1.0,0.0,1.0,30.0,149.0,149.0,0.0,1.0,0.0,41.0,424363.659,15155.844964285714,58.607142857142854,28.0,1682.0,149.0,11.213333333333333,1,146.0,24.0,0.0,0.0,1.0,30.333333333333332,0.0
6.0,29.0,0.0,female,3.0,1.0,0.0,0.0,30.0,180.0,180.0,0.0,0.0,0.0,36.0,38135.316999999995,2542.354466666666,10.733333333333333,15.0,143.0,19.0,7.15,1,832.0,23.0,1.0,-5.663736263736264,-1.9395604395604396,57.0,1.0
1.0,,1.0,,7.0,1.0,0.0,1.0,30.0,99.0,99.0,0.0,1.0,0.0,41.0,548966.561,19605.94860714286,84.85714285714286,28.0,2207.0,270.0,8.14391143911439,1,552.0,3.0,0.0,0.0,0.9403508771929825,27.263157894736842,0.0
1.0,,1.0,,7.0,1.0,0.0,1.0,30.0,99.0,99.0,0.0,1.0,0.0,41.0,378441.269,14555.433423076922,42.42307692307692,26.0,1242.0,37.0,32.68421052631579,1,1386.0,23.0,0.0,0.0,1.2,33.27272727272727,0.0
13.0,,1.0,male,9.0,2.0,0.0,1.0,30.0,149.0,149.0,0.0,1.0,0.0,39.0,125931.32400000001,5475.274956521739,24.130434782608695,23.0,484.0,164.0,2.933333333333333,1,496.0,28.0,0.0,0.0,-5.116666666666666,48.44444444444444,0.0
5.0,,1.0,,9.0,1.0,0.0,1.0,30.0,149.0,149.0,0.0,1.0,0.0,40.0,0.0,0.0,0.0,0.0,0.0,0.0,0.0,0,614.0,11.0,0.0,0.0,0.01238390092879257,30.555555555555557,0.0
13.0,44.0,0.0,male,9.0,1.0,0.0,1.0,30.0,180.0,180.0,0.0,1.0,0.0,36.0,8729.786,4364.893,41.5,2.0,26.0,57.0,0.4482758620689655,1,2953.0,21.0,0.0,-321.6,-118.2,129.5,0.0
,,,,,1.0,0.0,1.0,30.0,99.0,99.0,0.0,1.0,0.0,41.0,0.0,0.0,0.0,0.0,0.0,0.0,0.0,0,,0.0,0.0,0.0,2.5272727272727273,24.9,0.0
5.0,,1.0,,9.0,1.0,1.0,1.0,30.0,149.0,149.0,0.0,1.0,1.0,40.0,11033.073,1003.0066363636364,5.363636363636363,11.0,41.0,21.0,1.8636363636363635,1,1472.0,6.0,0.0,0.1748768472906404,0.0,28.444444444444443,1.0
1.0,,1.0,,7.0,1.0,0.0,1.0,30.0,99.0,99.0,0.0,1.0,0.0,41.0,2697.976,539.5952,3.0,5.0,9.0,18.0,0.47368421052631576,1,1155.0,25.0,0.0,-2.576923076923077,-0.41130434782608694,30.583333333333332,0.0
1.0,,1.0,,7.0,1.0,0.0,1.0,30.0,99.0,99.0,0.0,1.0,0.0,41.0,0.0,0.0,0.0,0.0,0.0,0.0,0.0,0,607.0,26.0,0.0,0.0,0.01238390092879257,30.555555555555557,0.0
12.0,28.0,0.0,male,4.0,2.0,0.0,1.0,30.0,149.0,149.0,0.0,1.0,0.0,39.0,62984.282999999996,7873.0353749999995,49.375,8.0,231.0,162.0,1.4171779141104295,1,458.0,28.0,0.0,0.0,-7.761904761904762,47.75,0.0
13.0,26.0,0.0,male,9.0,2.0,0.0,1.0,30.0,149.0,149.0,0.0,1.0,0.0,39.0,110704.122,4428.16488,18.84,25.0,444.0,69.0,6.3428571428571425,1,777.0,28.0,0.0,0.0,1.149638802889577,39.888888888888886,0.0
1.0,,1.0,,7.0,1.0,0.0,1.0,30.0,99.0,99.0,0.0,1.0,0.0,41.0,256775.553,9510.205666666667,37.81481481481482,27.0,923.0,255.0,3.60546875,1,431.0,3.0,0.0,0.0,0.04395604395604396,30.53846153846154,0.0
,,,,,1.0,0.0,1.0,30.0,99.0,99.0,0.0,1.0,0.0,41.0,0.0,0.0,0.0,0.0,0.0,0.0,0.0,0,,0.0,0.0,0.0,-1.142156862745098,34.1764705882353,0.0
1.0,,1.0,,7.0,1.0,0.0,1.0,30.0,99.0,99.0,0.0,1.0,0.0,41.0,39384.796,3029.5996923076923,17.53846153846154,13.0,126.0,89.0,1.4,1,1421.0,7.0,0.0,0.0,0.02197802197802198,30.571428571428573,0.0
22.0,31.0,0.0,female,9.0,1.0,0.0,1.0,30.0,149.0,149.0,0.0,1.0,0.0,34.0,14245.579,1780.697375,9.125,8.0,50.0,17.0,2.7777777777777777,1,1406.0,0.0,0.0,0.0,-0.8155844155844156,33.333333333333336,0.0
1.0,,1.0,,7.0,1.0,0.0,1.0,30.0,149.0,149.0,0.0,1.0,0.0,41.0,126823.143,4697.153444444444,19.703703703703702,27.0,478.0,88.0,5.370786516853933,1,1534.0,12.0,0.0,0.0,0.02076923076923077,30.48,0.0
5.0,24.0,0.0,male,3.0,1.0,0.0,1.0,30.0,149.0,149.0,0.0,1.0,0.0,40.0,48800.198,2440.0099,18.75,20.0,141.0,169.0,0.8294117647058824,1,625.0,14.0,0.0,-134.1,-74.5,80.66666666666667,0.0
1.0,,1.0,,7.0,1.0,0.0,1.0,30.0,99.0,99.0,0.0,1.0,0.0,41.0,2204.7470000000003,440.9494000000001,3.2,5.0,8.0,6.0,1.1428571428571428,1,1225.0,13.0,0.0,0.0,0.016176470588235296,30.5625,0.0
1.0,,1.0,,7.0,2.0,1.0,1.0,30.0,149.0,149.0,0.0,1.0,1.0,41.0,95687.224,3543.971259259259,16.0,27.0,352.0,98.0,3.5555555555555554,1,896.0,13.0,0.0,0.8241758241758241,0.06871794871794872,29.26923076923077,0.0
1.0,,1.0,,7.0,1.0,0.0,1.0,30.0,180.0,180.0,0.0,1.0,0.0,29.0,303867.832,9802.188129032258,35.83870967741935,31.0,1191.0,66.0,17.776119402985074,1,145.0,0.0,0.0,9.3,-4.6,28.5,0.0
,,,,,1.0,0.0,1.0,30.0,99.0,99.0,0.0,1.0,0.0,41.0,0.0,0.0,0.0,0.0,0.0,0.0,0.0,0,,17.0,0.0,0.0,0.08333333333333333,30.555555555555557,0.0
1.0,21.0,0.0,female,4.0,1.0,0.0,1.0,30.0,180.0,180.0,0.0,1.0,0.0,29.0,50774.815,3384.987666666667,13.866666666666667,15.0,214.0,37.0,5.631578947368421,1,435.0,15.0,0.0,0.0,0.0,31.0,0.0
,,,,,1.0,0.0,1.0,30.0,99.0,99.0,0.0,1.0,0.0,41.0,0.0,0.0,0.0,0.0,0.0,0.0,0.0,0,,24.0,0.0,0.0,0.0,31.0,0.0
1.0,,1.0,,7.0,1.0,0.0,1.0,30.0,99.0,99.0,0.0,1.0,0.0,41.0,15105.726999999999,3776.4317499999997,11.75,4.0,52.0,28.0,1.793103448275862,1,579.0,0.0,0.0,0.0,-1.3970588235294117,34.25,0.0
14.0,26.0,0.0,female,9.0,1.0,0.0,1.0,30.0,149.0,149.0,0.0,1.0,0.0,37.0,183071.272,5905.524903225806,19.032258064516128,31.0,668.0,42.0,15.534883720930232,1,2004.0,24.0,0.0,0.0,0.013076923076923076,30.52,0.0
4.0,18.0,0.0,male,3.0,1.0,0.0,0.0,30.0,180.0,180.0,0.0,0.0,0.0,36.0,207958.071,6931.9357,35.86666666666667,30.0,611.0,461.0,1.3225108225108224,1,1042.0,16.0,1.0,1.9565217391304348,-0.32806324110671936,29.40909090909091,1.0
13.0,29.0,0.0,female,9.0,1.0,0.0,1.0,30.0,149.0,149.0,0.0,1.0,0.0,40.0,93296.789,4056.382130434783,16.130434782608695,23.0,346.0,58.0,5.864406779661017,1,2020.0,22.0,0.0,37.083333333333336,16.261904761904763,74.25,0.0
1.0,,1.0,,4.0,1.0,0.0,1.0,30.0,180.0,180.0,0.0,1.0,0.0,36.0,99565.131,3829.428115384615,13.115384615384615,26.0,354.0,112.0,3.1327433628318584,1,184.0,18.0,0.0,0.0,-0.2,31.0,0.0
1.0,,1.0,,7.0,1.0,0.0,1.0,30.0,99.0,99.0,0.0,1.0,0.0,41.0,14.762,14.762,2.0,1.0,0.0,2.0,0.0,1,593.0,13.0,0.0,0.0,0.029927760577915376,30.5,0.0
8.0,31.0,0.0,female,7.0,1.0,0.0,1.0,30.0,99.0,99.0,0.0,1.0,0.0,41.0,20667.968,5166.992,22.75,4.0,76.0,14.0,5.066666666666666,1,993.0,26.0,0.0,0.0,0.14285714285714285,30.5,0.0
1.0,,1.0,,7.0,1.0,0.0,1.0,30.0,99.0,99.0,0.0,1.0,0.0,41.0,132774.881,4425.829366666667,32.6,30.0,513.0,388.0,1.3187660668380463,1,304.0,0.0,0.0,0.0,-0.25,30.285714285714285,0.0
5.0,48.0,0.0,female,9.0,1.0,0.0,1.0,30.0,149.0,149.0,0.0,1.0,0.0,40.0,24724.93,2472.493,9.6,10.0,99.0,23.0,4.125,1,3282.0,25.0,0.0,0.0,0.02076923076923077,30.48,0.0
12.0,17.0,0.0,female,3.0,1.0,0.0,0.0,30.0,100.0,100.0,0.0,0.0,0.0,38.0,180726.846,9511.939263157894,29.894736842105264,19.0,798.0,82.0,9.614457831325302,1,1411.0,12.0,0.0,0.0,0.0,32.0,0.0
15.0,40.0,0.0,male,7.0,1.0,0.0,1.0,30.0,99.0,99.0,0.0,1.0,0.0,41.0,179621.866,9453.782421052632,30.63157894736842,19.0,996.0,7.0,124.5,1,458.0,0.0,0.0,0.0,-2.0524475524475525,35.583333333333336,0.0
,,,,,1.0,0.0,1.0,30.0,149.0,149.0,0.0,1.0,0.0,41.0,0.0,0.0,0.0,0.0,0.0,0.0,0.0,0,,23.0,0.0,0.0,2.357142857142857,34.857142857142854,0.0
5.0,,1.0,,3.0,1.0,0.0,1.0,30.0,180.0,180.0,0.0,1.0,0.0,36.0,0.0,0.0,0.0,0.0,0.0,0.0,0.0,0,1456.0,3.0,0.0,-19.08131868131868,-10.554945054945055,57.15384615384615,0.0
,,,,,1.0,0.0,1.0,30.0,100.0,100.0,0.0,1.0,0.0,41.0,0.0,0.0,0.0,0.0,0.0,0.0,0.0,0,,11.0,0.0,0.0,0.0,0.0,0.0
1.0,22.0,0.0,female,4.0,1.0,0.0,1.0,30.0,180.0,180.0,0.0,1.0,0.0,29.0,182853.978,5898.515419354839,28.161290322580644,31.0,727.0,241.0,3.0041322314049586,1,285.0,24.0,0.0,0.0,0.0,31.0,0.0
15.0,32.0,0.0,female,7.0,1.0,0.0,1.0,30.0,99.0,99.0,0.0,1.0,0.0,41.0,167596.35,6207.272222222223,27.51851851851852,27.0,642.0,94.0,6.757894736842105,1,1375.0,26.0,0.0,0.0,0.03214285714285714,30.533333333333335,0.0
5.0,42.0,0.0,female,9.0,2.0,0.0,1.0,30.0,180.0,180.0,0.0,1.0,0.0,36.0,217.653,217.653,2.0,1.0,0.0,1.0,0.0,1,1911.0,30.0,0.0,0.0,-0.2,30.833333333333332,0.0
1.0,,1.0,male,7.0,1.0,0.0,1.0,30.0,149.0,149.0,0.0,1.0,0.0,41.0,32325.701,1901.511823529412,8.529411764705882,17.0,126.0,21.0,5.7272727272727275,1,895.0,18.0,0.0,0.0,0.014822134387351778,30.52173913043478,0.0
9.0,21.0,0.0,female,9.0,1.0,0.0,0.0,195.0,894.0,894.0,0.0,0.0,0.0,38.0,257543.797,8307.864419354839,27.870967741935484,31.0,970.0,322.0,3.003095975232198,1,3008.0,174.0,0.0,0.0,0.0,193.0,0.0
1.0,,1.0,,7.0,1.0,0.0,1.0,30.0,99.0,99.0,0.0,1.0,0.0,41.0,7643.289,1910.82225,9.75,4.0,30.0,7.0,3.75,1,508.0,19.0,0.0,0.0,0.03214285714285714,30.533333333333335,0.0
1.0,,1.0,,7.0,1.0,0.0,1.0,30.0,149.0,149.0,0.0,1.0,0.0,41.0,259362.448,8366.530580645162,34.064516129032256,31.0,915.0,165.0,5.5120481927710845,1,1291.0,8.0,0.0,0.0,0.02076923076923077,30.48,0.0
5.0,23.0,0.0,male,4.0,2.0,1.0,1.0,30.0,180.0,180.0,0.0,1.0,1.0,36.0,104926.769,5829.264944444444,16.833333333333332,18.0,417.0,44.0,9.266666666666667,1,276.0,181.0,0.0,0.0,5.392857142857143,9.142857142857142,1.0
1.0,,1.0,,7.0,1.0,0.0,1.0,30.0,99.0,99.0,0.0,1.0,0.0,41.0,33327.801,2380.557214285714,16.5,14.0,99.0,137.0,0.717391304347826,1,1543.0,3.0,1.0,-0.0867630700778643,-0.01083743842364532,27.06896551724138,0.0
1.0,,1.0,,7.0,1.0,0.0,1.0,30.0,99.0,99.0,0.0,1.0,0.0,41.0,0.0,0.0,0.0,0.0,0.0,0.0,0.0,0,444.0,16.0,0.0,0.0,0.04395604395604396,30.53846153846154,0.0
1.0,,1.0,,7.0,1.0,0.0,1.0,30.0,100.0,100.0,0.0,1.0,0.0,41.0,118774.844,5164.123652173913,25.304347826086957,23.0,550.0,178.0,3.0726256983240225,1,73.0,12.0,0.0,0.0,0.0,30.0,0.0
14.0,34.0,0.0,male,7.0,2.0,1.0,1.0,30.0,99.0,99.0,0.0,1.0,0.0,41.0,169899.424,11326.628266666667,17.8,15.0,711.0,17.0,39.5,1,1925.0,0.0,0.0,-1.1076923076923078,0.2182608695652174,32.0,0.0
6.0,19.0,0.0,male,7.0,1.0,0.0,1.0,30.0,99.0,99.0,0.0,1.0,0.0,41.0,50527.718,3157.982375,6.8125,16.0,204.0,37.0,5.368421052631579,1,430.0,2.0,0.0,0.0,0.04395604395604396,30.53846153846154,0.0
15.0,24.0,0.0,female,9.0,2.0,0.0,1.0,30.0,149.0,149.0,0.0,1.0,0.0,39.0,40017.407,3637.946090909091,14.181818181818182,11.0,139.0,35.0,3.861111111111111,1,3921.0,28.0,0.0,0.0,0.9215686274509803,40.611111111111114,0.0
1.0,,1.0,,7.0,1.0,0.0,1.0,30.0,149.0,149.0,0.0,1.0,0.0,41.0,109227.659,4201.063807692308,19.692307692307693,26.0,408.0,90.0,4.483516483516484,1,1417.0,12.0,0.0,0.5363984674329502,0.3882783882783883,28.333333333333332,0.0
4.0,25.0,0.0,female,9.0,1.0,0.0,1.0,30.0,149.0,149.0,0.0,1.0,0.0,37.0,88059.967,4892.220388888889,15.055555555555555,18.0,357.0,93.0,3.797872340425532,1,2008.0,23.0,0.0,0.0,0.013076923076923076,30.52,0.0
14.0,46.0,0.0,male,9.0,1.0,0.0,1.0,30.0,149.0,149.0,0.0,1.0,0.0,40.0,83063.537,4886.090411764706,21.470588235294116,17.0,317.0,86.0,3.6436781609195403,1,4424.0,25.0,0.0,0.0,-0.036153846153846154,30.56,0.0
1.0,,1.0,,7.0,1.0,0.0,1.0,30.0,149.0,149.0,0.0,1.0,0.0,41.0,62300.873999999996,3278.9933684210523,14.421052631578947,19.0,215.0,145.0,1.4726027397260273,1,1217.0,4.0,0.0,-0.038461538461538464,-0.08181818181818182,30.818181818181817,0.0
1.0,,1.0,,7.0,1.0,0.0,1.0,30.0,99.0,99.0,0.0,1.0,0.0,41.0,33635.409999999996,1978.5535294117644,10.941176470588236,17.0,121.0,78.0,1.5316455696202531,1,1165.0,13.0,0.0,0.0,0.01818181818181818,30.636363636363637,0.0
1.0,,1.0,,7.0,2.0,1.0,1.0,30.0,129.0,129.0,0.0,1.0,0.0,41.0,10057.098,2514.2745,13.25,4.0,36.0,7.0,4.5,1,1363.0,21.0,0.0,1.2307692307692308,0.02076923076923077,30.48,0.0
1.0,,1.0,,7.0,1.0,0.0,1.0,30.0,99.0,99.0,0.0,1.0,0.0,41.0,780.635,780.635,5.0,1.0,3.0,1.0,1.5,1,1129.0,21.0,0.0,3.2637362637362637,-9.314685314685315,50.833333333333336,0.0
,,,,,1.0,0.0,1.0,30.0,99.0,99.0,0.0,1.0,0.0,41.0,0.0,0.0,0.0,0.0,0.0,0.0,0.0,0,,8.0,0.0,0.0,0.4,30.5,0.0
1.0,,1.0,,7.0,1.0,0.0,1.0,30.0,99.0,99.0,0.0,1.0,0.0,41.0,121006.216,6050.3108,28.65,20.0,447.0,95.0,4.65625,1,1166.0,24.0,0.0,0.0,0.05714285714285714,30.466666666666665,0.0
1.0,,1.0,,7.0,1.0,0.0,1.0,30.0,99.0,99.0,0.0,1.0,0.0,41.0,6694.575000000001,1115.7625,5.166666666666667,6.0,22.0,4.0,4.4,1,527.0,8.0,0.0,0.0,0.03823529411764706,30.5,0.0
13.0,25.0,0.0,female,9.0,2.0,0.0,1.0,30.0,149.0,149.0,0.0,1.0,0.0,39.0,0.0,0.0,0.0,0.0,0.0,0.0,0.0,0,1516.0,28.0,0.0,0.0,0.9215686274509803,40.611111111111114,0.0
14.0,33.0,0.0,male,7.0,1.0,0.0,1.0,30.0,149.0,149.0,0.0,1.0,0.0,41.0,455.47,455.47,3.0,1.0,2.0,1.0,1.0,1,2157.0,17.0,0.0,1.0618500273672689,0.3339438339438339,28.22222222222222,0.0
1.0,,1.0,,7.0,1.0,0.0,1.0,30.0,149.0,149.0,0.0,1.0,0.0,41.0,11220.297999999999,2805.0744999999997,13.75,4.0,40.0,10.0,3.6363636363636362,1,491.0,3.0,0.0,1.411764705882353,0.05714285714285714,30.466666666666665,0.0
1.0,,1.0,,7.0,2.0,0.0,1.0,30.0,129.0,129.0,0.0,1.0,0.0,41.0,40865.513,5108.189125,22.375,8.0,149.0,33.0,4.382352941176471,1,1103.0,1.0,0.0,-0.07389162561576355,0.33169129720853857,27.357142857142858,0.0
13.0,21.0,0.0,male,9.0,1.0,0.0,0.0,30.0,149.0,149.0,0.0,0.0,0.0,38.0,635637.037,20504.420548387097,70.7741935483871,31.0,2216.0,258.0,8.555984555984557,1,3403.0,8.0,0.0,0.0,-2.8,48.81818181818182,0.0
15.0,53.0,0.0,male,9.0,2.0,0.0,1.0,30.0,149.0,149.0,0.0,1.0,0.0,39.0,689936.053,29997.219695652173,114.56521739130434,23.0,2146.0,33.0,63.11764705882353,1,1231.0,28.0,0.0,0.0,0.9215686274509803,40.611111111111114,0.0
,,,,,1.0,0.0,1.0,30.0,99.0,99.0,0.0,1.0,0.0,41.0,0.0,0.0,0.0,0.0,0.0,0.0,0.0,0,,0.0,0.0,0.0,-1.9395604395604396,35.15384615384615,0.0
13.0,,1.0,,7.0,1.0,0.0,1.0,30.0,180.0,180.0,0.0,1.0,0.0,36.0,129764.773,5190.59092,30.76,25.0,559.0,218.0,2.5525114155251143,1,1632.0,397.0,0.0,0.0,0.0,0.0,0.0
5.0,42.0,0.0,female,3.0,1.0,0.0,1.0,30.0,180.0,180.0,0.0,1.0,0.0,29.0,107144.958,3826.605642857143,35.785714285714285,28.0,382.0,564.0,0.6761061946902654,1,772.0,14.0,0.0,0.0,0.0,23.0,0.0
5.0,27.0,0.0,male,9.0,2.0,0.0,1.0,30.0,149.0,149.0,0.0,1.0,0.0,39.0,64065.322,2464.050846153846,17.884615384615383,26.0,224.0,196.0,1.1370558375634519,1,2356.0,28.0,0.0,0.0,0.9215686274509803,40.611111111111114,0.0
4.0,22.0,0.0,male,9.0,1.0,0.0,1.0,30.0,149.0,149.0,0.0,1.0,0.0,40.0,355043.529,11453.017064516129,35.096774193548384,31.0,1228.0,367.0,3.3369565217391304,1,680.0,13.0,0.0,-52.86363636363637,-14.048484848484849,63.6,0.0
,,,,,1.0,0.0,1.0,30.0,99.0,99.0,0.0,1.0,0.0,41.0,0.0,0.0,0.0,0.0,0.0,0.0,0.0,0,,9.0,0.0,0.0,0.02197802197802198,30.571428571428573,0.0
22.0,32.0,0.0,male,9.0,2.0,0.0,1.0,30.0,149.0,149.0,0.0,1.0,0.0,21.0,159035.479,5890.202925925925,26.37037037037037,27.0,533.0,264.0,2.0113207547169814,1,3263.0,28.0,0.0,0.0,0.9215686274509803,40.611111111111114,0.0
1.0,,1.0,,7.0,1.0,0.0,1.0,30.0,149.0,149.0,0.0,1.0,0.0,41.0,0.0,0.0,0.0,0.0,0.0,0.0,0.0,0,482.0,24.0,0.0,1.2857142857142858,0.05054945054945055,30.5,0.0
6.0,46.0,0.0,female,9.0,2.0,0.0,1.0,30.0,149.0,149.0,0.0,1.0,0.0,39.0,111879.415,5085.427954545455,25.90909090909091,22.0,365.0,219.0,1.6590909090909092,1,2640.0,28.0,0.0,0.0,0.9215686274509803,40.611111111111114,0.0
1.0,,1.0,,7.0,1.0,0.0,1.0,30.0,149.0,149.0,0.0,1.0,0.0,41.0,25991.101000000002,6497.775250000001,34.0,4.0,99.0,66.0,1.4776119402985075,1,1390.0,19.0,0.0,0.0,0.02076923076923077,30.48,0.0
,,,,,1.0,0.0,1.0,30.0,99.0,99.0,0.0,1.0,0.0,41.0,0.0,0.0,0.0,0.0,0.0,0.0,0.0,0,,24.0,0.0,0.0,0.04395604395604396,30.53846153846154,0.0
1.0,,1.0,,7.0,1.0,0.0,1.0,30.0,99.0,99.0,0.0,1.0,0.0,41.0,440.0,440.0,2.0,1.0,2.0,0.0,2.0,1,600.0,19.0,0.0,0.0,0.01238390092879257,30.555555555555557,0.0
13.0,45.0,0.0,female,9.0,1.0,0.0,1.0,30.0,149.0,149.0,0.0,1.0,0.0,40.0,85194.742,2839.8247333333334,19.266666666666666,30.0,282.0,268.0,1.0483271375464684,1,1342.0,0.0,0.0,0.0,0.02076923076923077,30.48,0.0
,,,,,1.0,0.0,1.0,30.0,99.0,99.0,0.0,1.0,0.0,41.0,0.0,0.0,0.0,0.0,0.0,0.0,0.0,0,,10.0,0.0,0.0,0.05952380952380952,30.625,0.0
13.0,20.0,0.0,male,4.0,1.0,0.0,0.0,90.0,447.0,447.0,0.0,0.0,0.0,38.0,232389.172,7496.424903225806,29.741935483870968,31.0,887.0,113.0,7.780701754385965,1,450.0,25.0,0.0,-4.440476190476191,-0.9285714285714286,55.57142857142857,0.0
1.0,,1.0,,7.0,1.0,0.0,1.0,30.0,149.0,149.0,0.0,1.0,0.0,41.0,144908.942,6900.42580952381,19.476190476190474,21.0,771.0,20.0,36.714285714285715,1,1152.0,0.0,0.0,0.05928853754940711,0.47995482778091475,35.0,0.0
1.0,,1.0,,7.0,2.0,1.0,1.0,30.0,149.0,149.0,0.0,1.0,1.0,41.0,32290.885000000002,2483.914230769231,19.384615384615383,13.0,101.0,140.0,0.7163120567375887,1,1708.0,19.0,0.0,0.3785103785103785,0.31384615384615383,28.615384615384617,0.0
1.0,,1.0,,7.0,1.0,0.0,1.0,30.0,99.0,99.0,0.0,1.0,0.0,41.0,13490.378,1498.930888888889,7.333333333333333,9.0,40.0,18.0,2.1052631578947367,1,2204.0,1.0,0.0,0.0,0.016176470588235296,30.5625,0.0
21.0,17.0,0.0,male,4.0,1.0,0.0,0.0,30.0,180.0,180.0,0.0,0.0,0.0,29.0,1154147.384,37230.56077419355,54.903225806451616,31.0,4519.0,831.0,5.431490384615385,1,136.0,9.0,0.0,9.3,1.0,32.0,0.0
1.0,,1.0,,7.0,1.0,0.0,1.0,30.0,149.0,149.0,0.0,1.0,0.0,41.0,209167.728,6747.346064516129,28.29032258064516,31.0,806.0,154.0,5.2,1,2031.0,21.0,0.0,0.0,0.02076923076923077,30.48,0.0
1.0,,1.0,,7.0,1.0,0.0,1.0,30.0,99.0,99.0,0.0,1.0,0.0,41.0,6368.335,2122.778333333333,12.666666666666666,3.0,30.0,11.0,2.5,1,1347.0,0.0,0.0,0.0,-0.25,30.285714285714285,0.0
13.0,31.0,0.0,male,9.0,1.0,0.0,1.0,30.0,149.0,149.0,0.0,1.0,0.0,16.0,58736.119,2447.3382916666665,12.541666666666666,24.0,249.0,80.0,3.074074074074074,1,3491.0,11.0,0.0,0.0,0.0,33.0,0.0
1.0,,1.0,,7.0,1.0,0.0,1.0,30.0,149.0,149.0,0.0,1.0,0.0,41.0,14602.898,1825.36225,9.25,8.0,35.0,15.0,2.1875,1,151.0,0.0,0.0,0.0,-0.6,30.0,0.0
1.0,,1.0,,7.0,1.0,0.0,1.0,30.0,149.0,149.0,0.0,1.0,0.0,41.0,148136.2,9875.746666666668,36.266666666666666,15.0,558.0,21.0,25.363636363636363,1,517.0,0.0,0.0,1.6176470588235294,-0.6857142857142857,32.4,0.0
1.0,,1.0,,7.0,1.0,0.0,1.0,30.0,99.0,99.0,0.0,1.0,0.0,41.0,43918.29,1829.92875,33.166666666666664,24.0,132.0,752.0,0.1752988047808765,1,321.0,14.0,0.0,0.0,0.016666666666666666,30.666666666666668,0.0
,,,,,1.0,0.0,1.0,30.0,99.0,99.0,0.0,1.0,0.0,41.0,0.0,0.0,0.0,0.0,0.0,0.0,0.0,0,,24.0,0.0,0.0,0.024509803921568627,30.529411764705884,0.0
11.0,,1.0,,4.0,1.0,0.0,0.0,90.0,298.0,298.0,0.0,0.0,0.0,32.0,120180.47,7511.279375,32.5625,16.0,479.0,85.0,5.569767441860465,1,219.0,120.0,0.0,164.0,-12.0,34.0,0.0
1.0,,1.0,,7.0,1.0,0.0,1.0,30.0,149.0,149.0,0.0,1.0,0.0,41.0,198348.97999999998,11019.387777777776,32.388888888888886,18.0,763.0,14.0,50.86666666666667,1,1190.0,26.0,0.0,0.0,0.02076923076923077,30.48,0.0
4.0,21.0,0.0,female,9.0,1.0,0.0,0.0,30.0,149.0,149.0,0.0,0.0,0.0,38.0,371961.188,11998.748000000001,53.87096774193548,31.0,1270.0,380.0,3.3333333333333335,1,1286.0,29.0,0.0,0.0,0.287012987012987,35.23809523809524,0.0
5.0,35.0,0.0,female,9.0,1.0,0.0,1.0,30.0,180.0,180.0,0.0,1.0,0.0,36.0,81485.119,3542.8312608695655,17.73913043478261,23.0,281.0,108.0,2.5779816513761467,1,2448.0,2.0,0.0,-73.0909090909091,-20.830303030303032,68.9,0.0
1.0,,1.0,,9.0,1.0,0.0,1.0,30.0,100.0,100.0,0.0,1.0,0.0,30.0,138267.39500000002,5317.976730769232,20.153846153846153,26.0,511.0,106.0,4.775700934579439,1,995.0,16.0,0.0,10.0,9.4,23.0,1.0
1.0,,1.0,,7.0,1.0,0.0,1.0,30.0,99.0,99.0,0.0,1.0,0.0,41.0,819501.831,26435.54293548387,81.90322580645162,31.0,2975.0,111.0,26.5625,1,424.0,0.0,0.0,-1.5824175824175823,1.3846153846153846,30.23076923076923,0.0
1.0,,1.0,,7.0,1.0,0.0,1.0,30.0,149.0,149.0,0.0,1.0,0.0,41.0,44061.339,4406.1339,16.2,10.0,154.0,21.0,7.0,1,1236.0,0.0,0.0,0.0,-3.0,29.5,0.0
1.0,,1.0,,7.0,1.0,0.0,1.0,30.0,99.0,99.0,0.0,1.0,0.0,41.0,538177.032,19932.482666666667,29.185185185185187,27.0,2160.0,42.0,50.23255813953488,1,1249.0,0.0,0.0,0.0,-0.6857142857142857,32.4,0.0
4.0,19.0,0.0,male,7.0,1.0,0.0,1.0,30.0,149.0,149.0,0.0,1.0,0.0,41.0,29373.441000000003,1727.8494705882354,11.0,17.0,86.0,111.0,0.7678571428571429,1,185.0,2.0,0.0,0.0,0.4,30.4,0.0
1.0,,1.0,,7.0,1.0,0.0,1.0,30.0,99.0,99.0,0.0,1.0,0.0,41.0,17261.311,2157.663875,9.875,8.0,72.0,6.0,10.285714285714286,1,413.0,16.0,0.0,0.0,0.07692307692307693,30.5,0.0
1.0,,1.0,,7.0,1.0,0.0,1.0,30.0,149.0,149.0,0.0,1.0,0.0,41.0,10861.792,1357.724,4.25,8.0,46.0,9.0,4.6,1,859.0,6.0,0.0,0.0,0.02076923076923077,30.48,0.0
6.0,19.0,0.0,female,9.0,1.0,0.0,1.0,30.0,149.0,149.0,0.0,1.0,0.0,40.0,261786.259,9695.78737037037,26.962962962962962,27.0,944.0,207.0,4.538461538461538,1,2803.0,6.0,0.0,8.514285714285714,-88.6,125.4,0.0
1.0,,1.0,,7.0,1.0,0.0,1.0,30.0,99.0,99.0,0.0,1.0,0.0,41.0,17715.09,2214.38625,16.375,8.0,41.0,65.0,0.6212121212121212,1,370.0,3.0,0.0,0.0,0.06363636363636363,30.545454545454547,0.0
1.0,,1.0,,7.0,1.0,0.0,1.0,30.0,99.0,99.0,0.0,1.0,0.0,41.0,124470.84700000001,4978.83388,18.68,25.0,454.0,87.0,5.159090909090909,1,1652.0,23.0,0.0,-1.098901098901099,-0.29846153846153844,28.73076923076923,0.0
15.0,,1.0,,3.0,3.0,0.0,1.0,30.0,149.0,149.0,0.0,1.0,0.0,39.0,85199.734,3155.5457037037036,15.592592592592593,27.0,278.0,113.0,2.43859649122807,1,1300.0,59.0,0.0,0.0,0.7526315789473684,36.8421052631579,0.0
4.0,26.0,0.0,female,9.0,2.0,0.0,1.0,30.0,149.0,149.0,0.0,1.0,0.0,34.0,165213.728,5697.025103448276,31.17241379310345,29.0,563.0,307.0,1.827922077922078,1,4049.0,28.0,0.0,0.0,-0.8601503759398497,33.6,0.0
1.0,,1.0,,9.0,2.0,0.0,0.0,30.0,180.0,180.0,0.0,0.0,0.0,36.0,200724.032,7434.223407407408,31.703703703703702,27.0,674.0,183.0,3.6630434782608696,1,734.0,12.0,0.0,1.9772727272727273,-0.029926595143986448,31.40909090909091,0.0
22.0,24.0,0.0,female,9.0,1.0,0.0,0.0,30.0,149.0,149.0,0.0,0.0,0.0,38.0,72061.541,4804.102733333333,21.0,15.0,262.0,91.0,2.847826086956522,1,1268.0,2.0,0.0,0.0,-0.013846153846153847,30.96,0.0
4.0,31.0,0.0,male,9.0,1.0,0.0,1.0,30.0,149.0,149.0,0.0,1.0,0.0,33.0,2046.9770000000003,511.7442500000001,3.25,4.0,5.0,1.0,2.5,1,3703.0,0.0,0.0,0.0,-0.8155844155844156,33.333333333333336,0.0
1.0,20.0,0.0,,4.0,1.0,0.0,0.0,60.0,0.0,0.0,0.0,0.0,0.0,17.0,5954.744000000001,2977.3720000000003,15.0,2.0,22.0,10.0,2.0,1,40.0,0.0,0.0,0.0,0.0,0.0,0.0
,,,,,1.0,0.0,1.0,30.0,99.0,99.0,0.0,1.0,0.0,41.0,0.0,0.0,0.0,0.0,0.0,0.0,0.0,0,,14.0,0.0,0.0,0.05714285714285714,30.466666666666665,0.0
,,,,,1.0,0.0,1.0,30.0,99.0,99.0,0.0,1.0,0.0,41.0,0.0,0.0,0.0,0.0,0.0,0.0,0.0,0,,25.0,0.0,0.8385093167701864,1.087012987012987,26.142857142857142,1.0
1.0,,1.0,,7.0,1.0,0.0,1.0,30.0,99.0,99.0,0.0,1.0,0.0,41.0,5032.197,1677.3990000000001,16.333333333333332,3.0,16.0,30.0,0.5161290322580645,1,235.0,20.0,0.0,0.0,0.05714285714285714,30.666666666666668,0.0
4.0,18.0,0.0,female,3.0,1.0,0.0,0.0,90.0,447.0,447.0,0.0,0.0,0.0,38.0,43701.182,4370.1182,7.8,10.0,161.0,29.0,5.366666666666666,1,1530.0,2.0,0.0,5.535603715170279,0.27450980392156865,46.294117647058826,0.0
1.0,,1.0,,7.0,1.0,0.0,1.0,30.0,99.0,99.0,0.0,1.0,0.0,41.0,19150.369,2735.767,17.428571428571427,7.0,67.0,43.0,1.5227272727272727,1,1300.0,12.0,0.0,-2.6683087027914616,-0.0018315018315018315,28.555555555555557,0.0
1.0,,1.0,,7.0,1.0,0.0,1.0,30.0,99.0,99.0,0.0,1.0,0.0,41.0,288867.055,9960.932931034482,32.206896551724135,29.0,970.0,293.0,3.2993197278911564,1,515.0,5.0,0.0,4.076470588235294,-0.3392857142857143,31.933333333333334,0.0
1.0,,1.0,,7.0,1.0,0.0,1.0,30.0,99.0,99.0,0.0,1.0,0.0,41.0,0.0,0.0,0.0,0.0,0.0,0.0,0.0,0,2240.0,22.0,0.0,0.0,1.0,30.5,0.0
5.0,,1.0,,9.0,1.0,0.0,1.0,30.0,180.0,180.0,0.0,1.0,0.0,29.0,589925.823,19029.865258064514,47.516129032258064,31.0,2257.0,345.0,6.523121387283237,1,1055.0,7.0,0.0,1.3247863247863247,-0.09948717948717949,29.423076923076923,1.0
15.0,30.0,0.0,male,7.0,1.0,0.0,1.0,30.0,129.0,129.0,0.0,1.0,0.0,41.0,234010.75,11700.5375,45.95,20.0,996.0,17.0,55.333333333333336,1,2277.0,10.0,0.0,0.09957325746799431,0.7261735419630156,20.972972972972972,0.0
1.0,,1.0,,7.0,1.0,0.0,1.0,30.0,149.0,149.0,0.0,1.0,0.0,41.0,45566.632,3254.7594285714285,11.0,14.0,192.0,21.0,8.727272727272727,1,1852.0,24.0,0.0,0.0,0.02076923076923077,30.48,0.0
9.0,35.0,0.0,female,7.0,1.0,0.0,1.0,30.0,99.0,99.0,0.0,1.0,0.0,41.0,0.0,0.0,0.0,0.0,0.0,0.0,0.0,0,1429.0,20.0,0.0,-1.5714285714285714,0.039097744360902256,30.5,0.0
1.0,,1.0,,7.0,1.0,0.0,1.0,30.0,99.0,99.0,0.0,1.0,0.0,41.0,5031.589,2515.7945,9.0,2.0,19.0,0.0,19.0,1,418.0,21.0,0.0,0.0,0.07692307692307693,30.5,0.0
22.0,21.0,0.0,female,3.0,1.0,0.0,1.0,30.0,180.0,180.0,0.0,1.0,0.0,36.0,223533.144,8941.32576,31.56,25.0,891.0,65.0,13.5,1,781.0,9.0,0.0,0.7312820512820513,-0.15384615384615385,29.52,0.0
1.0,,1.0,,7.0,1.0,0.0,1.0,30.0,99.0,99.0,0.0,1.0,0.0,41.0,22510.561999999998,3215.794571428571,12.142857142857142,7.0,84.0,3.0,21.0,1,329.0,23.0,0.0,0.0,1.9166666666666667,34.375,0.0
6.0,29.0,0.0,male,7.0,1.0,0.0,1.0,30.0,129.0,129.0,0.0,1.0,0.0,41.0,140166.554,5391.021307692308,24.115384615384617,26.0,527.0,101.0,5.166666666666667,1,966.0,12.0,0.0,0.7744937055281883,-0.23626373626373626,28.703703703703702,0.0
,,,,,1.0,0.0,1.0,30.0,99.0,99.0,0.0,1.0,0.0,41.0,0.0,0.0,0.0,0.0,0.0,0.0,0.0,0,,7.0,0.0,0.0,0.01818181818181818,30.636363636363637,0.0
15.0,36.0,0.0,female,9.0,1.0,0.0,1.0,30.0,149.0,149.0,0.0,1.0,0.0,37.0,86495.967,3603.998625,17.75,24.0,455.0,21.0,20.681818181818183,1,2430.0,22.0,0.0,0.0,0.013076923076923076,30.52,0.0
,,,,,1.0,0.0,1.0,30.0,149.0,149.0,0.0,1.0,0.0,34.0,0.0,0.0,0.0,0.0,0.0,0.0,0.0,0,,0.0,0.0,0.0,-0.8155844155844156,33.333333333333336,0.0
13.0,34.0,0.0,female,9.0,1.0,0.0,1.0,30.0,149.0,149.0,0.0,1.0,0.0,40.0,33831.293000000005,11277.097666666668,58.333333333333336,3.0,125.0,45.0,2.717391304347826,1,2698.0,11.0,0.0,-0.18192918192918192,-0.037264957264957266,29.576923076923077,0.0
13.0,27.0,0.0,male,9.0,2.0,0.0,1.0,30.0,149.0,149.0,0.0,1.0,0.0,39.0,126901.014,5768.227909090909,23.727272727272727,22.0,482.0,98.0,4.8686868686868685,1,2080.0,28.0,0.0,0.0,0.9215686274509803,40.611111111111114,0.0
1.0,,1.0,,7.0,1.0,0.0,1.0,30.0,149.0,149.0,0.0,1.0,0.0,41.0,191944.595,9140.218809523809,36.04761904761905,21.0,723.0,27.0,25.821428571428573,1,387.0,20.0,0.0,5.730769230769231,0.06363636363636363,30.545454545454547,0.0
1.0,,1.0,,7.0,1.0,0.0,1.0,30.0,99.0,99.0,0.0,1.0,0.0,41.0,30917.37,3864.67125,11.375,8.0,122.0,42.0,2.8372093023255816,1,71.0,10.0,0.0,0.0,0.0,30.0,0.0
1.0,,1.0,,7.0,1.0,0.0,1.0,30.0,99.0,99.0,0.0,1.0,0.0,41.0,62537.05,8933.864285714286,35.57142857142857,7.0,248.0,24.0,9.92,1,629.0,17.0,0.0,0.0,0.0035087719298245615,30.57894736842105,0.0
1.0,,1.0,,7.0,1.0,0.0,1.0,30.0,149.0,149.0,0.0,1.0,0.0,41.0,242096.98500000002,7809.580161290323,32.935483870967744,31.0,790.0,87.0,8.977272727272727,1,1403.0,9.0,0.0,0.3,-0.07391304347826087,31.25,0.0
1.0,,1.0,,7.0,21.0,0.0,1.0,30.0,149.0,149.0,0.0,1.0,0.0,41.0,29214.395,3651.799375,13.875,8.0,111.0,4.0,22.2,1,2242.0,1.0,0.0,0.0,-4.176470588235294,44.94117647058823,0.0
1.0,,1.0,,7.0,1.0,0.0,1.0,30.0,149.0,149.0,0.0,1.0,0.0,41.0,39249.098,6541.516333333333,27.0,6.0,156.0,14.0,10.4,1,1289.0,8.0,0.0,-0.00547008547008547,0.8653846153846154,30.24,1.0
9.0,23.0,0.0,female,9.0,1.0,0.0,1.0,30.0,149.0,149.0,0.0,1.0,0.0,40.0,67752.166,2945.746347826087,13.0,23.0,234.0,51.0,4.5,1,4165.0,19.0,0.0,-0.8023076923076923,-0.18608695652173912,29.5,0.0
,,,,,1.0,0.0,1.0,30.0,99.0,99.0,0.0,1.0,0.0,41.0,0.0,0.0,0.0,0.0,0.0,0.0,0.0,0,,24.0,0.0,0.0,0.04395604395604396,30.53846153846154,0.0
5.0,32.0,0.0,male,7.0,1.0,0.0,1.0,30.0,129.0,129.0,0.0,1.0,0.0,41.0,15900.384,3975.096,4.5,4.0,58.0,4.0,11.6,1,2205.0,12.0,0.0,-1.0125889436234263,-0.07020757020757021,28.40740740740741,0.0
1.0,,1.0,,7.0,1.0,0.0,1.0,30.0,99.0,99.0,0.0,1.0,0.0,41.0,18244.661,1520.3884166666667,8.666666666666666,12.0,71.0,36.0,1.9189189189189189,1,127.0,5.0,0.0,0.0,1.0,30.333333333333332,0.0
13.0,21.0,0.0,male,4.0,1.0,0.0,1.0,30.0,149.0,149.0,0.0,1.0,0.0,37.0,105716.814,3915.4375555555557,13.185185185185185,27.0,346.0,97.0,3.5306122448979593,1,217.0,14.0,0.0,0.0,0.0,31.0,0.0
13.0,26.0,0.0,female,9.0,2.0,0.0,1.0,30.0,149.0,149.0,0.0,1.0,0.0,39.0,169351.943,6048.283678571429,27.285714285714285,28.0,632.0,148.0,4.241610738255034,1,2152.0,28.0,0.0,0.0,0.9215686274509803,40.611111111111114,0.0
1.0,,1.0,,7.0,1.0,0.0,1.0,30.0,99.0,99.0,0.0,1.0,0.0,41.0,14852.793,4950.931,49.666666666666664,3.0,31.0,78.0,0.3924050632911392,1,501.0,13.0,0.0,0.0,0.05714285714285714,30.466666666666665,0.0
1.0,,1.0,,7.0,1.0,0.0,1.0,30.0,99.0,99.0,0.0,1.0,0.0,41.0,16864.831,3372.9662,11.8,5.0,60.0,6.0,8.571428571428571,1,555.0,6.0,0.0,0.0,0.04411764705882353,30.470588235294116,0.0
,,,,,1.0,0.0,1.0,30.0,99.0,99.0,0.0,1.0,0.0,41.0,0.0,0.0,0.0,0.0,0.0,0.0,0.0,0,,0.0,0.0,0.0,-1.0833333333333333,34.0,0.0
,,,,,1.0,0.0,1.0,30.0,149.0,149.0,0.0,1.0,0.0,41.0,0.0,0.0,0.0,0.0,0.0,0.0,0.0,0,,1.0,0.0,0.0,0.02076923076923077,30.48,0.0
1.0,,1.0,,9.0,1.0,0.0,0.0,30.0,149.0,149.0,0.0,0.0,0.0,38.0,76176.436,3462.5652727272727,17.772727272727273,22.0,301.0,82.0,3.6265060240963853,1,597.0,12.0,0.0,0.0,0.054695562435500514,30.72222222222222,0.0
5.0,27.0,0.0,male,9.0,1.0,0.0,1.0,30.0,149.0,149.0,0.0,1.0,0.0,37.0,255286.414,8802.979793103448,45.172413793103445,29.0,925.0,385.0,2.3963730569948187,1,2755.0,18.0,0.0,0.0,0.013076923076923076,30.52,0.0
1.0,,1.0,,7.0,1.0,0.0,1.0,30.0,149.0,149.0,0.0,1.0,0.0,41.0,87800.37700000001,3027.599206896552,13.206896551724139,29.0,313.0,74.0,4.173333333333333,1,1458.0,9.0,0.0,0.010946907498631636,0.18681318681318682,28.85185185185185,0.0
13.0,31.0,0.0,female,9.0,1.0,0.0,1.0,30.0,149.0,149.0,0.0,1.0,0.0,40.0,121372.204,4334.721571428571,15.0,28.0,512.0,22.0,22.26086956521739,1,4751.0,15.0,0.0,0.0,0.02,30.48,0.0
1.0,,1.0,,7.0,1.0,0.0,1.0,30.0,149.0,149.0,0.0,1.0,0.0,41.0,18943.268,1578.6056666666666,7.166666666666667,12.0,68.0,11.0,5.666666666666667,1,1428.0,26.0,0.0,0.0,0.02076923076923077,30.48,0.0
13.0,25.0,0.0,male,9.0,1.0,0.0,1.0,30.0,149.0,149.0,0.0,1.0,0.0,40.0,140481.921,6385.541863636364,19.40909090909091,22.0,483.0,84.0,5.682352941176471,1,1090.0,15.0,0.0,0.36385836385836384,0.059145299145299146,29.73076923076923,0.0
13.0,23.0,0.0,female,3.0,2.0,0.0,1.0,30.0,149.0,149.0,0.0,1.0,0.0,39.0,0.0,0.0,0.0,0.0,0.0,0.0,0.0,0,1507.0,28.0,0.0,0.0,0.9215686274509803,40.611111111111114,0.0
15.0,25.0,0.0,male,7.0,1.0,0.0,1.0,30.0,149.0,149.0,0.0,1.0,0.0,41.0,26946.621,2072.817,9.538461538461538,13.0,111.0,18.0,5.842105263157895,1,207.0,24.0,0.0,0.0,0.4,30.4,0.0
1.0,,1.0,,7.0,1.0,0.0,1.0,30.0,99.0,99.0,0.0,1.0,0.0,41.0,0.0,0.0,0.0,0.0,0.0,0.0,0.0,0,588.0,7.0,0.0,0.0,0.01238390092879257,30.555555555555557,0.0
1.0,,1.0,,7.0,1.0,0.0,1.0,30.0,100.0,100.0,0.0,1.0,0.0,41.0,303158.418,14436.115142857143,52.285714285714285,21.0,1199.0,54.0,21.8,1,68.0,7.0,0.0,0.0,0.0,30.0,0.0
9.0,30.0,0.0,male,7.0,1.0,0.0,1.0,30.0,149.0,149.0,0.0,1.0,0.0,41.0,141255.478,5231.684370370371,22.185185185185187,27.0,567.0,137.0,4.108695652173913,1,1540.0,18.0,0.0,0.0,0.02076923076923077,30.48,0.0
8.0,23.0,0.0,male,9.0,1.0,0.0,1.0,30.0,149.0,149.0,0.0,1.0,0.0,37.0,163997.905,5290.255,34.83870967741935,31.0,556.0,849.0,0.6541176470588236,1,948.0,3.0,0.0,0.0,-13.733333333333333,76.2,0.0
1.0,,1.0,,7.0,1.0,0.0,1.0,30.0,99.0,99.0,0.0,1.0,0.0,41.0,67660.18000000001,2819.174166666667,9.5,24.0,240.0,33.0,7.0588235294117645,1,1258.0,0.0,0.0,14.142857142857142,-96.6,126.2,0.0
,,,,,1.0,0.0,1.0,30.0,99.0,99.0,0.0,1.0,0.0,41.0,0.0,0.0,0.0,0.0,0.0,0.0,0.0,0,,0.0,0.0,0.0,-3.4454545454545453,38.72727272727273,0.0
1.0,,1.0,,7.0,1.0,0.0,1.0,30.0,99.0,99.0,0.0,1.0,0.0,41.0,5326.99,5326.99,21.0,1.0,22.0,2.0,7.333333333333333,1,132.0,9.0,0.0,0.0,0.5,30.666666666666668,0.0
1.0,,1.0,,4.0,1.0,0.0,0.0,30.0,180.0,180.0,0.0,0.0,0.0,29.0,24422.152,1744.4394285714284,9.071428571428571,14.0,56.0,35.0,1.5555555555555556,1,368.0,0.0,0.0,6.428571428571429,-22.714285714285715,55.5,0.0
14.0,25.0,0.0,female,7.0,3.0,1.0,1.0,30.0,99.0,99.0,0.0,1.0,0.0,41.0,318062.481,17670.137833333334,62.166666666666664,18.0,1295.0,50.0,25.392156862745097,1,673.0,46.0,0.0,0.564652738565782,0.4896103896103896,28.38095238095238,0.0
1.0,,1.0,,7.0,1.0,0.0,1.0,30.0,149.0,149.0,0.0,1.0,0.0,41.0,256182.945,8539.4315,30.2,30.0,930.0,14.0,62.0,1,1139.0,1.0,0.0,0.0,-16.183333333333334,86.0,0.0
1.0,,1.0,,7.0,1.0,0.0,1.0,30.0,99.0,99.0,0.0,1.0,0.0,41.0,168356.925,6012.747321428571,19.321428571428573,28.0,633.0,108.0,5.807339449541284,1,1862.0,10.0,0.0,0.0,0.016176470588235296,30.5625,0.0
6.0,36.0,0.0,female,9.0,1.0,0.0,1.0,30.0,149.0,149.0,0.0,1.0,0.0,34.0,11017.885,2203.577,8.6,5.0,31.0,10.0,2.8181818181818183,1,3972.0,0.0,0.0,0.0,-0.8155844155844156,33.333333333333336,0.0
4.0,32.0,0.0,female,9.0,1.0,0.0,1.0,30.0,149.0,149.0,0.0,1.0,0.0,37.0,128194.2,4930.546153846154,31.653846153846153,26.0,418.0,417.0,1.0,1,1557.0,3.0,0.0,0.0,0.012307692307692308,30.52,0.0
1.0,,1.0,,7.0,1.0,0.0,1.0,30.0,99.0,99.0,0.0,1.0,0.0,41.0,0.0,0.0,0.0,0.0,0.0,0.0,0.0,0,437.0,10.0,0.0,0.0,0.07692307692307693,30.46153846153846,0.0
1.0,,1.0,,7.0,1.0,0.0,1.0,30.0,99.0,99.0,0.0,1.0,0.0,41.0,96949.516,7457.655076923077,31.384615384615383,13.0,430.0,50.0,8.431372549019608,1,254.0,8.0,0.0,0.0,0.0,30.714285714285715,0.0
1.0,,1.0,,7.0,1.0,0.0,1.0,30.0,99.0,99.0,0.0,1.0,0.0,41.0,14696.539999999999,1837.0674999999999,11.5,8.0,46.0,77.0,0.5897435897435898,1,296.0,20.0,0.0,0.0,0.05952380952380952,30.625,0.0
13.0,22.0,0.0,male,3.0,2.0,0.0,1.0,30.0,149.0,149.0,0.0,1.0,0.0,39.0,8059.646000000001,2014.9115000000002,12.75,4.0,31.0,24.0,1.24,1,722.0,28.0,0.0,0.0,-0.5340659340659341,45.642857142857146,0.0
1.0,23.0,0.0,male,3.0,1.0,0.0,0.0,30.0,149.0,149.0,0.0,0.0,0.0,38.0,111307.318,5565.3659,11.0,20.0,425.0,72.0,5.821917808219178,1,779.0,12.0,0.0,0.0,-0.4215686274509804,42.588235294117645,0.0
1.0,,1.0,,7.0,1.0,0.0,1.0,30.0,99.0,99.0,0.0,1.0,0.0,41.0,104798.491,5515.710052631579,24.31578947368421,19.0,369.0,127.0,2.8828125,1,285.0,9.0,0.0,0.0,0.05952380952380952,30.625,0.0
1.0,,1.0,,7.0,1.0,0.0,1.0,30.0,149.0,149.0,0.0,1.0,0.0,41.0,33940.016,2262.6677333333337,13.333333333333334,15.0,128.0,68.0,1.855072463768116,1,139.0,17.0,0.0,0.0,1.0,30.333333333333332,0.0
1.0,,1.0,,7.0,1.0,0.0,1.0,30.0,99.0,99.0,0.0,1.0,0.0,41.0,12412.315999999999,2482.4631999999997,9.0,5.0,50.0,1.0,25.0,1,446.0,19.0,0.0,0.0,0.07692307692307693,30.46153846153846,0.0
22.0,19.0,0.0,male,13.0,1.0,0.0,1.0,30.0,149.0,149.0,0.0,1.0,0.0,30.0,15673.583999999999,2612.2639999999997,14.333333333333334,6.0,61.0,21.0,2.772727272727273,1,216.0,1.0,0.0,15.964285714285714,0.05714285714285714,30.666666666666668,0.0
13.0,26.0,0.0,female,7.0,2.0,1.0,1.0,30.0,99.0,99.0,0.0,1.0,1.0,41.0,15785.081,5261.693666666667,44.0,3.0,48.0,123.0,0.3870967741935484,1,454.0,26.0,0.0,0.0,0.04395604395604396,30.53846153846154,0.0
12.0,30.0,0.0,male,7.0,1.0,0.0,1.0,30.0,149.0,149.0,0.0,1.0,0.0,41.0,573096.653,23879.027208333337,63.916666666666664,24.0,2109.0,21.0,95.86363636363636,1,1886.0,26.0,0.0,0.7076923076923077,0.02076923076923077,30.48,0.0
1.0,,1.0,,7.0,1.0,0.0,1.0,30.0,99.0,99.0,0.0,1.0,0.0,41.0,88837.326,4935.407,19.27777777777778,18.0,358.0,76.0,4.64935064935065,1,294.0,19.0,0.0,0.0,0.14285714285714285,30.5,0.0
4.0,25.0,0.0,female,9.0,1.0,0.0,1.0,30.0,149.0,149.0,0.0,1.0,0.0,40.0,452791.064,20581.412,73.5909090909091,22.0,1791.0,269.0,6.633333333333334,1,118.0,25.0,0.0,0.0,0.0,31.0,0.0
6.0,32.0,0.0,female,3.0,1.0,0.0,1.0,30.0,149.0,149.0,0.0,1.0,0.0,37.0,134755.369,6416.922333333334,31.047619047619047,21.0,511.0,150.0,3.384105960264901,1,1550.0,14.0,0.0,0.0,-0.033846153846153845,30.72,0.0
1.0,,1.0,,7.0,1.0,0.0,1.0,30.0,149.0,149.0,0.0,1.0,0.0,41.0,616865.542,19898.888451612904,69.06451612903226,31.0,2331.0,143.0,16.1875,1,1128.0,2.0,0.0,0.090311986863711,0.2448107448107448,28.22222222222222,0.0
,,,,,1.0,0.0,1.0,30.0,99.0,99.0,0.0,1.0,0.0,41.0,0.0,0.0,0.0,0.0,0.0,0.0,0.0,0,,11.0,0.0,0.0,0.04395604395604396,30.53846153846154,0.0
1.0,,1.0,,7.0,1.0,0.0,1.0,30.0,99.0,99.0,0.0,1.0,0.0,41.0,0.0,0.0,0.0,0.0,0.0,0.0,0.0,0,583.0,3.0,0.0,0.0,0.029927760577915376,30.5,0.0
18.0,28.0,0.0,male,7.0,1.0,0.0,1.0,30.0,99.0,99.0,0.0,1.0,0.0,41.0,150667.54,4860.243225806452,12.451612903225806,31.0,526.0,120.0,4.347107438016529,1,115.0,24.0,1.0,0.0,0.5,20.0,0.0
5.0,38.0,0.0,male,9.0,1.0,0.0,1.0,30.0,149.0,149.0,0.0,1.0,0.0,37.0,1.691,1.691,1.0,1.0,0.0,1.0,0.0,1,4162.0,9.0,0.0,0.0,0.013076923076923076,30.52,0.0
1.0,,1.0,,7.0,1.0,0.0,1.0,30.0,99.0,99.0,0.0,1.0,0.0,41.0,188845.036,6091.775354838709,42.83870967741935,31.0,599.0,919.0,0.6510869565217391,1,321.0,14.0,0.0,0.0,0.016666666666666666,30.666666666666668,0.0
22.0,49.0,0.0,male,9.0,1.0,0.0,1.0,30.0,149.0,149.0,0.0,1.0,0.0,34.0,105592.478,4223.69912,20.08,25.0,319.0,174.0,1.822857142857143,1,2460.0,0.0,0.0,0.0,-0.8155844155844156,33.333333333333336,0.0
4.0,14.0,0.0,female,4.0,1.0,1.0,1.0,30.0,180.0,180.0,0.0,1.0,1.0,29.0,3929.822,3929.822,14.0,1.0,18.0,2.0,6.0,1,313.0,23.0,0.0,0.0,0.0,0.0,0.0
5.0,30.0,0.0,female,3.0,2.0,0.0,1.0,30.0,149.0,149.0,0.0,1.0,0.0,39.0,158368.621,6598.692541666667,26.833333333333332,24.0,574.0,76.0,7.454545454545454,1,1642.0,28.0,0.0,0.0,0.9215686274509803,40.611111111111114,0.0
13.0,35.0,0.0,female,9.0,1.0,0.0,1.0,30.0,180.0,180.0,0.0,1.0,0.0,36.0,226975.271,16212.519357142857,54.42857142857143,14.0,892.0,25.0,34.30769230769231,1,1755.0,11.0,1.0,0.5802955665024631,0.034482758620689655,27.5,0.0
,,,,,1.0,0.0,1.0,30.0,149.0,149.0,0.0,1.0,0.0,41.0,0.0,0.0,0.0,0.0,0.0,0.0,0.0,0,,1.0,0.0,0.0,0.02076923076923077,30.48,0.0
1.0,,1.0,,7.0,1.0,0.0,1.0,30.0,99.0,99.0,0.0,1.0,0.0,41.0,48133.368,2005.557,8.208333333333334,24.0,212.0,23.0,8.833333333333334,1,1386.0,22.0,0.0,-1.0295566502463054,0.24220032840722497,26.964285714285715,0.0
1.0,,1.0,,7.0,1.0,0.0,1.0,30.0,99.0,99.0,0.0,1.0,0.0,41.0,90299.28199999999,4299.965809523809,9.571428571428571,21.0,333.0,51.0,6.403846153846154,1,552.0,2.0,0.0,0.0,0.024509803921568627,30.529411764705884,0.0
1.0,,1.0,,7.0,1.0,0.0,1.0,30.0,149.0,149.0,0.0,1.0,0.0,41.0,35190.994,2199.437125,5.25,16.0,106.0,28.0,3.6551724137931036,1,1643.0,17.0,0.0,0.818070818070818,0.42735042735042733,28.53846153846154,0.0
13.0,46.0,0.0,male,9.0,1.0,0.0,1.0,30.0,149.0,149.0,0.0,1.0,0.0,34.0,341155.031,12635.37151851852,30.14814814814815,27.0,1469.0,326.0,4.492354740061162,1,4374.0,0.0,0.0,0.0,-0.8155844155844156,33.333333333333336,0.0
4.0,29.0,0.0,female,9.0,1.0,0.0,1.0,30.0,149.0,149.0,0.0,1.0,0.0,37.0,365883.4,12616.668965517241,51.03448275862069,29.0,1318.0,305.0,4.30718954248366,1,2674.0,4.0,0.0,0.0,-1.0,31.5,0.0
1.0,,1.0,,7.0,1.0,0.0,1.0,30.0,129.0,129.0,0.0,1.0,0.0,41.0,194364.881,8098.536708333333,25.041666666666668,24.0,756.0,21.0,34.36363636363637,1,585.0,12.0,1.0,51.6,0.5,180.66666666666666,0.0
13.0,58.0,0.0,male,9.0,1.0,1.0,1.0,30.0,149.0,149.0,0.0,1.0,1.0,37.0,0.0,0.0,0.0,0.0,0.0,0.0,0.0,0,3328.0,12.0,0.0,0.0,0.013076923076923076,30.52,0.0
15.0,33.0,0.0,female,7.0,10.0,1.0,1.0,30.0,149.0,149.0,0.0,1.0,0.0,41.0,0.0,0.0,0.0,0.0,0.0,0.0,0.0,0,1463.0,427.0,1.0,-29.8,27.6,83.0,1.0
,,,,,1.0,0.0,1.0,30.0,99.0,99.0,0.0,1.0,0.0,41.0,0.0,0.0,0.0,0.0,0.0,0.0,0.0,0,,21.0,0.0,0.0,0.048484848484848485,30.6,0.0
1.0,,1.0,,7.0,2.0,1.0,1.0,30.0,99.0,99.0,0.0,1.0,1.0,41.0,0.0,0.0,0.0,0.0,0.0,0.0,0.0,0,371.0,4.0,0.0,0.0,0.06363636363636363,30.545454545454547,0.0
1.0,,1.0,,7.0,1.0,0.0,1.0,30.0,99.0,99.0,0.0,1.0,0.0,41.0,226794.039,8399.779222222222,23.62962962962963,27.0,893.0,87.0,10.147727272727273,1,2188.0,5.0,0.0,-2.6409414340448825,0.06532356532356533,28.48148148148148,0.0
1.0,,1.0,,7.0,1.0,0.0,1.0,30.0,99.0,99.0,0.0,1.0,0.0,41.0,136845.513,4414.371387096774,11.612903225806452,31.0,553.0,63.0,8.640625,1,1387.0,9.0,0.0,0.0,0.02197802197802198,30.571428571428573,0.0
15.0,36.0,0.0,female,7.0,1.0,0.0,1.0,30.0,149.0,149.0,0.0,1.0,0.0,40.0,35568.31,3556.8309999999997,17.8,10.0,142.0,30.0,4.580645161290323,1,2141.0,12.0,0.0,0.0,0.02076923076923077,30.48,0.0
1.0,,1.0,,7.0,1.0,0.0,1.0,30.0,99.0,99.0,0.0,1.0,0.0,41.0,72109.556,4807.303733333333,12.533333333333333,15.0,270.0,37.0,7.105263157894737,1,179.0,26.0,0.0,0.0,0.4,30.5,0.0
4.0,28.0,0.0,female,3.0,1.0,0.0,1.0,30.0,149.0,149.0,0.0,1.0,0.0,37.0,519575.305,17319.176833333335,31.866666666666667,30.0,1993.0,283.0,7.017605633802817,1,1682.0,6.0,0.0,0.0,0.013076923076923076,30.52,0.0
1.0,,1.0,,7.0,1.0,0.0,1.0,30.0,99.0,99.0,0.0,1.0,0.0,41.0,1724.017,862.0085,2.0,2.0,7.0,2.0,2.3333333333333335,1,568.0,18.0,0.0,0.0,0.024509803921568627,30.529411764705884,0.0
1.0,,1.0,,7.0,1.0,0.0,1.0,30.0,149.0,149.0,0.0,1.0,0.0,41.0,21726.572,4345.3144,31.0,5.0,68.0,37.0,1.7894736842105263,1,327.0,21.0,0.0,0.0,0.08333333333333333,30.555555555555557,0.0
18.0,23.0,0.0,female,3.0,1.0,0.0,1.0,30.0,149.0,149.0,0.0,1.0,0.0,40.0,41991.955,2999.425357142857,11.785714285714286,14.0,168.0,78.0,2.1265822784810124,1,1085.0,15.0,0.0,14.9,9.4,23.0,1.0
6.0,29.0,0.0,male,7.0,1.0,0.0,1.0,30.0,180.0,180.0,0.0,1.0,0.0,36.0,238.053,238.053,2.0,1.0,1.0,1.0,0.5,1,2537.0,5.0,0.0,1.1128205128205129,0.05153846153846154,30.64,0.0
1.0,,1.0,,7.0,1.0,0.0,1.0,30.0,99.0,99.0,0.0,1.0,0.0,41.0,209987.468,7240.947172413793,20.413793103448278,29.0,822.0,97.0,8.387755102040817,1,101.0,9.0,0.0,0.0,1.0,30.5,0.0
5.0,43.0,0.0,male,9.0,1.0,0.0,0.0,410.0,1788.0,1788.0,0.0,0.0,0.0,32.0,449248.584,14491.889806451612,50.516129032258064,31.0,1694.0,53.0,31.37037037037037,1,3492.0,378.0,0.0,0.0,0.0,389.0,0.0
1.0,,1.0,,7.0,1.0,0.0,1.0,30.0,99.0,99.0,0.0,1.0,0.0,41.0,0.0,0.0,0.0,0.0,0.0,0.0,0.0,0,154.0,1.0,0.0,0.0,0.4,30.5,0.0
1.0,,1.0,,7.0,1.0,0.0,1.0,30.0,99.0,99.0,0.0,1.0,0.0,41.0,38772.01,2423.250625,12.25,16.0,153.0,62.0,2.4285714285714284,1,243.0,0.0,0.0,0.0,-0.25,30.285714285714285,0.0
1.0,,1.0,,7.0,1.0,0.0,1.0,30.0,149.0,149.0,0.0,1.0,0.0,41.0,6187.298,1546.8245,8.75,4.0,17.0,20.0,0.8095238095238095,1,445.0,18.0,0.0,0.0,0.07692307692307693,30.46153846153846,0.0
,,,,,1.0,0.0,1.0,30.0,149.0,149.0,0.0,1.0,0.0,41.0,0.0,0.0,0.0,0.0,0.0,0.0,0.0,0,,10.0,0.0,0.0,0.02076923076923077,30.48,0.0
1.0,,1.0,,7.0,1.0,0.0,1.0,30.0,129.0,129.0,0.0,1.0,0.0,41.0,43396.1,3338.1615384615384,11.846153846153847,13.0,161.0,7.0,20.125,1,242.0,0.0,0.0,0.0,-0.14285714285714285,30.142857142857142,0.0
5.0,30.0,0.0,female,9.0,1.0,0.0,1.0,30.0,149.0,149.0,0.0,1.0,0.0,31.0,3269.381,817.34525,3.0,4.0,11.0,2.0,3.6666666666666665,1,2885.0,0.0,0.0,0.0,-0.8155844155844156,33.333333333333336,0.0
1.0,,1.0,,7.0,1.0,0.0,1.0,30.0,149.0,149.0,0.0,1.0,0.0,41.0,74310.394,2562.427379310345,12.137931034482758,29.0,313.0,176.0,1.768361581920904,1,369.0,2.0,0.0,0.0,0.06363636363636363,30.545454545454547,0.0
22.0,19.0,0.0,female,9.0,1.0,0.0,0.0,30.0,180.0,180.0,0.0,0.0,0.0,36.0,218612.753,8096.76862962963,33.851851851851855,27.0,781.0,87.0,8.875,1,1511.0,23.0,0.0,-714.0,0.0,712.0,0.0
1.0,,1.0,,7.0,1.0,0.0,1.0,30.0,99.0,99.0,0.0,1.0,0.0,41.0,15099.646,1887.45575,8.875,8.0,56.0,15.0,3.5,1,622.0,11.0,0.0,0.0,0.017543859649122806,30.526315789473685,0.0
22.0,29.0,0.0,male,9.0,1.0,0.0,1.0,30.0,149.0,149.0,0.0,1.0,0.0,31.0,103572.913,3571.4797586206896,16.0,29.0,398.0,81.0,4.853658536585366,1,4402.0,0.0,0.0,0.0,-0.8155844155844156,33.333333333333336,0.0
,,,,,1.0,0.0,1.0,30.0,99.0,99.0,0.0,1.0,0.0,41.0,0.0,0.0,0.0,0.0,0.0,0.0,0.0,0,,16.0,0.0,0.0,0.024509803921568627,30.529411764705884,0.0
1.0,,1.0,,7.0,1.0,0.0,1.0,30.0,99.0,99.0,0.0,1.0,0.0,41.0,0.0,0.0,0.0,0.0,0.0,0.0,0.0,0,2095.0,26.0,0.0,-2.423076923076923,-0.0791304347826087,31.416666666666668,0.0
1.0,,1.0,,7.0,1.0,0.0,1.0,30.0,100.0,100.0,0.0,1.0,0.0,41.0,805641.879,25988.447709677417,97.64516129032258,31.0,2930.0,297.0,9.832214765100671,1,1153.0,21.0,0.0,0.0,0.0,30.0,0.0
15.0,24.0,0.0,female,9.0,2.0,0.0,1.0,30.0,149.0,149.0,0.0,1.0,0.0,39.0,904593.666,33503.46911111111,111.25925925925925,27.0,3636.0,65.0,55.09090909090909,1,128.0,28.0,0.0,14.9,11.7,17.25,1.0
1.0,,1.0,,7.0,1.0,0.0,1.0,30.0,99.0,99.0,0.0,1.0,0.0,41.0,0.0,0.0,0.0,0.0,0.0,0.0,0.0,0,302.0,26.0,0.0,0.0,0.05952380952380952,30.625,0.0
1.0,,1.0,,7.0,1.0,0.0,1.0,30.0,99.0,99.0,0.0,1.0,0.0,41.0,0.0,0.0,0.0,0.0,0.0,0.0,0.0,0,981.0,13.0,0.0,0.0,0.05714285714285714,30.666666666666668,0.0
5.0,26.0,0.0,female,7.0,1.0,0.0,1.0,30.0,99.0,99.0,0.0,1.0,0.0,41.0,154457.3,6435.720833333333,26.0,24.0,602.0,84.0,7.08235294117647,1,2108.0,23.0,0.0,0.0,-29.0,45.5,0.0
22.0,41.0,0.0,male,9.0,1.0,0.0,1.0,30.0,149.0,149.0,0.0,1.0,0.0,34.0,0.0,0.0,0.0,0.0,0.0,0.0,0.0,0,2028.0,0.0,0.0,0.0,-0.8155844155844156,33.333333333333336,0.0
1.0,,1.0,,7.0,1.0,0.0,1.0,30.0,129.0,129.0,0.0,1.0,0.0,41.0,160306.517,7286.659863636363,24.227272727272727,22.0,647.0,41.0,15.404761904761905,1,2359.0,14.0,0.0,0.0,0.02076923076923077,30.48,0.0
,,,,,2.0,0.0,1.0,30.0,149.0,149.0,0.0,1.0,0.0,39.0,0.0,0.0,0.0,0.0,0.0,0.0,0.0,0,,28.0,0.0,0.0,0.9215686274509803,40.611111111111114,0.0
1.0,,1.0,,7.0,1.0,0.0,1.0,30.0,99.0,99.0,0.0,1.0,0.0,41.0,81207.001,3691.227318181818,17.136363636363637,22.0,305.0,68.0,4.420289855072464,1,1359.0,7.0,0.0,0.0,0.03214285714285714,30.533333333333335,0.0
1.0,,1.0,,7.0,1.0,0.0,1.0,30.0,99.0,99.0,0.0,1.0,0.0,41.0,70850.223,5060.730214285714,18.214285714285715,14.0,271.0,34.0,7.742857142857143,1,365.0,0.0,0.0,0.0,-7.809523809523809,41.75,0.0
,,,,,1.0,0.0,1.0,30.0,149.0,149.0,0.0,1.0,0.0,41.0,0.0,0.0,0.0,0.0,0.0,0.0,0.0,0,,26.0,0.0,0.0,0.03823529411764706,30.5,0.0
5.0,,1.0,,7.0,2.0,0.0,1.0,30.0,149.0,149.0,0.0,1.0,0.0,39.0,177276.91700000002,7091.076680000001,20.6,25.0,691.0,13.0,49.357142857142854,1,1935.0,10.0,1.0,-1.6995073891625616,-0.39080459770114945,27.428571428571427,0.0
5.0,35.0,0.0,female,9.0,1.0,0.0,1.0,30.0,149.0,149.0,0.0,1.0,0.0,40.0,0.0,0.0,0.0,0.0,0.0,0.0,0.0,0,3044.0,25.0,0.0,0.0,0.02076923076923077,30.48,0.0
12.0,27.0,0.0,male,9.0,1.0,0.0,1.0,30.0,149.0,149.0,0.0,1.0,0.0,34.0,18112.778,1811.2777999999998,10.3,10.0,60.0,31.0,1.875,1,3917.0,0.0,0.0,0.0,-0.8155844155844156,33.333333333333336,0.0
1.0,,1.0,,7.0,1.0,0.0,1.0,30.0,99.0,99.0,0.0,1.0,0.0,41.0,12777.217999999999,2555.4435999999996,9.0,5.0,41.0,17.0,2.2777777777777777,1,268.0,22.0,0.0,0.0,0.0,30.714285714285715,0.0
9.0,34.0,0.0,female,9.0,1.0,0.0,1.0,30.0,149.0,149.0,0.0,1.0,0.0,40.0,33234.437,2769.5364166666664,14.333333333333334,12.0,67.0,45.0,1.4565217391304348,1,3605.0,2.0,0.0,0.0,-1.0,31.5,0.0
7.0,26.0,0.0,male,9.0,2.0,0.0,1.0,30.0,149.0,149.0,0.0,1.0,0.0,23.0,48676.509,3744.346846153846,10.23076923076923,13.0,121.0,47.0,2.5208333333333335,1,3671.0,28.0,0.0,0.678695652173913,-0.17094861660079053,29.217391304347824,1.0
1.0,,1.0,,7.0,1.0,0.0,1.0,30.0,99.0,99.0,0.0,1.0,0.0,41.0,20392.788,2913.2554285714286,13.285714285714286,7.0,63.0,14.0,4.2,1,1243.0,25.0,0.0,0.0,0.08333333333333333,30.555555555555557,0.0
1.0,,1.0,,7.0,1.0,0.0,1.0,30.0,99.0,99.0,0.0,1.0,0.0,41.0,0.0,0.0,0.0,0.0,0.0,0.0,0.0,0,612.0,0.0,0.0,0.0,-1.142156862745098,34.1764705882353,0.0
1.0,,1.0,,7.0,1.0,0.0,1.0,30.0,99.0,99.0,0.0,1.0,0.0,41.0,100284.795,4360.20847826087,18.73913043478261,23.0,380.0,85.0,4.4186046511627906,1,276.0,1.0,0.0,0.0,0.14285714285714285,30.5,0.0
1.0,,1.0,,7.0,1.0,0.0,1.0,30.0,99.0,99.0,0.0,1.0,0.0,41.0,608.627,608.627,6.0,1.0,1.0,4.0,0.2,1,232.0,18.0,0.0,0.0,0.2,30.5,0.0
22.0,24.0,0.0,male,7.0,1.0,0.0,1.0,30.0,149.0,149.0,0.0,1.0,0.0,41.0,100961.86,3883.1484615384616,17.923076923076923,26.0,402.0,151.0,2.6447368421052633,1,1106.0,8.0,0.0,0.0,0.02076923076923077,30.48,0.0
5.0,44.0,0.0,male,9.0,1.0,0.0,1.0,30.0,149.0,149.0,0.0,1.0,0.0,40.0,88974.65,3868.4630434782607,18.695652173913043,23.0,388.0,89.0,4.311111111111111,1,2737.0,13.0,0.0,0.0,0.009230769230769232,29.5,0.0
5.0,51.0,0.0,female,9.0,1.0,0.0,1.0,30.0,149.0,149.0,0.0,1.0,0.0,40.0,75030.166,4689.385375,22.6875,16.0,310.0,87.0,3.522727272727273,1,3806.0,14.0,0.0,0.0,0.13914529914529913,29.423076923076923,0.0
15.0,23.0,0.0,male,3.0,1.0,0.0,1.0,30.0,180.0,180.0,0.0,1.0,0.0,36.0,195305.439,6510.1813,31.633333333333333,30.0,701.0,243.0,2.872950819672131,1,730.0,25.0,0.0,15.5,593.0,329.5,0.0
1.0,,1.0,,7.0,1.0,0.0,1.0,30.0,129.0,129.0,0.0,1.0,0.0,41.0,6650.728,1330.1456,9.0,5.0,17.0,38.0,0.4358974358974359,1,2333.0,19.0,0.0,0.0,0.02076923076923077,30.48,0.0
1.0,,1.0,,7.0,1.0,0.0,1.0,30.0,149.0,149.0,0.0,1.0,0.0,41.0,146438.794,5423.659037037037,18.14814814814815,27.0,564.0,116.0,4.82051282051282,1,445.0,17.0,0.0,4.469117647058823,1.4464285714285714,26.466666666666665,0.0
1.0,,1.0,,7.0,1.0,0.0,1.0,30.0,99.0,99.0,0.0,1.0,0.0,41.0,5519.353,1103.8706,26.0,5.0,2.0,162.0,0.012269938650306749,1,275.0,0.0,0.0,0.0,-0.30952380952380953,30.5,0.0
,,,,,1.0,0.0,1.0,30.0,99.0,99.0,0.0,1.0,0.0,41.0,0.0,0.0,0.0,0.0,0.0,0.0,0.0,0,,22.0,0.0,0.0,0.08333333333333333,30.555555555555557,0.0
1.0,,1.0,,7.0,1.0,0.0,1.0,30.0,99.0,99.0,0.0,1.0,0.0,41.0,163693.556,5280.437290322581,17.06451612903226,31.0,616.0,236.0,2.5991561181434597,1,1685.0,7.0,0.0,-2.7777777777777777,0.02905982905982906,29.26923076923077,0.0
13.0,38.0,0.0,female,9.0,1.0,0.0,1.0,30.0,149.0,149.0,0.0,1.0,0.0,40.0,123918.412,6195.9205999999995,35.8,20.0,524.0,210.0,2.4834123222748814,1,797.0,8.0,1.0,0.0,24.848484848484848,75.8,0.0
1.0,,1.0,,7.0,1.0,0.0,1.0,30.0,149.0,149.0,0.0,1.0,0.0,41.0,0.0,0.0,0.0,0.0,0.0,0.0,0.0,0,449.0,21.0,0.0,0.0,0.04395604395604396,30.53846153846154,0.0
4.0,24.0,0.0,female,9.0,2.0,0.0,1.0,30.0,149.0,149.0,0.0,1.0,0.0,39.0,75267.928,4704.2455,19.5625,16.0,287.0,28.0,9.89655172413793,1,2598.0,28.0,0.0,0.0,-3.5357142857142856,35.42857142857143,0.0
13.0,26.0,0.0,male,7.0,1.0,0.0,1.0,30.0,149.0,149.0,0.0,1.0,0.0,41.0,39000.999,3900.0999,16.1,10.0,127.0,24.0,5.08,1,1229.0,12.0,0.0,0.0,0.10303030303030303,30.5,0.0
13.0,20.0,0.0,male,3.0,1.0,0.0,1.0,30.0,149.0,149.0,0.0,1.0,0.0,37.0,120859.04699999999,4316.394535714286,14.607142857142858,28.0,429.0,79.0,5.3625,1,1578.0,27.0,0.0,0.0,-1.3146853146853146,49.0,0.0
1.0,,1.0,,7.0,1.0,0.0,1.0,30.0,99.0,99.0,0.0,1.0,0.0,41.0,78909.749,2545.475774193548,9.96774193548387,31.0,304.0,21.0,13.818181818181818,1,232.0,18.0,0.0,0.0,0.2,30.5,0.0
13.0,27.0,0.0,male,9.0,1.0,0.0,1.0,30.0,180.0,180.0,0.0,1.0,0.0,36.0,13426.606,1678.32575,7.125,8.0,55.0,13.0,3.9285714285714284,1,1497.0,16.0,0.0,2.0734048560135516,-1.4714285714285715,36.285714285714285,1.0
13.0,30.0,0.0,male,7.0,1.0,0.0,1.0,30.0,129.0,129.0,0.0,1.0,0.0,41.0,158974.169,5887.932185185185,23.25925925925926,27.0,625.0,113.0,5.482456140350878,1,2235.0,13.0,0.0,0.0,0.02076923076923077,30.48,0.0
13.0,19.0,0.0,female,9.0,1.0,0.0,0.0,30.0,149.0,149.0,0.0,0.0,0.0,38.0,122518.102,5104.920916666667,23.958333333333332,24.0,515.0,80.0,6.3580246913580245,1,805.0,20.0,0.0,0.0,0.7642857142857142,36.333333333333336,0.0
15.0,25.0,0.0,female,9.0,3.0,0.0,1.0,30.0,149.0,149.0,0.0,1.0,0.0,39.0,88187.989,7348.999083333333,30.833333333333332,12.0,313.0,60.0,5.131147540983607,1,3519.0,59.0,0.0,0.0,1.3063725490196079,41.1764705882353,0.0
13.0,36.0,0.0,female,4.0,1.0,0.0,1.0,30.0,180.0,180.0,0.0,1.0,0.0,36.0,164463.933,8655.99647368421,22.42105263157895,19.0,668.0,42.0,15.534883720930232,1,315.0,2.0,0.0,0.0,-0.05,30.77777777777778,0.0
13.0,30.0,0.0,male,3.0,2.0,0.0,1.0,30.0,180.0,180.0,0.0,1.0,0.0,36.0,10702.339,2675.58475,11.0,4.0,34.0,35.0,0.9444444444444444,1,768.0,30.0,0.0,2.665934065934066,-0.2087912087912088,31.153846153846153,0.0
1.0,,1.0,,7.0,1.0,0.0,1.0,30.0,99.0,99.0,0.0,1.0,0.0,41.0,667604.21,27816.842083333333,72.91666666666667,24.0,2714.0,40.0,66.1951219512195,1,2116.0,3.0,0.0,-1.5599343185550083,0.08913308913308914,28.62962962962963,0.0
1.0,,1.0,,9.0,1.0,0.0,0.0,30.0,149.0,149.0,0.0,0.0,0.0,38.0,305790.472,10544.499034482758,40.13793103448276,29.0,1167.0,101.0,11.441176470588236,1,920.0,26.0,0.0,-0.06666666666666667,0.40476190476190477,38.75,0.0
1.0,,1.0,,7.0,2.0,1.0,1.0,30.0,149.0,149.0,0.0,1.0,1.0,41.0,8010.5509999999995,2670.1836666666663,14.666666666666666,3.0,21.0,9.0,2.1,1,454.0,27.0,0.0,0.0,0.07692307692307693,30.46153846153846,0.0
4.0,17.0,0.0,female,9.0,1.0,0.0,0.0,30.0,149.0,149.0,0.0,0.0,0.0,38.0,105743.2,5287.16,29.3,20.0,403.0,164.0,2.4424242424242424,1,726.0,12.0,0.0,0.0,0.5166666666666667,41.22222222222222,0.0
1.0,,1.0,,7.0,1.0,0.0,1.0,30.0,149.0,149.0,0.0,1.0,0.0,41.0,2530.288,1265.144,5.0,2.0,11.0,0.0,11.0,1,1185.0,0.0,0.0,0.0,-0.23715415019762845,33.0,0.0
1.0,,1.0,,13.0,1.0,0.0,1.0,30.0,149.0,149.0,0.0,1.0,0.0,30.0,33596.590000000004,4799.512857142858,8.0,7.0,128.0,3.0,32.0,1,215.0,0.0,0.0,2.142857142857143,0.05714285714285714,30.666666666666668,0.0
1.0,,1.0,,7.0,1.0,0.0,1.0,30.0,99.0,99.0,0.0,1.0,0.0,41.0,47153.877,2773.7574705882353,7.764705882352941,17.0,169.0,14.0,11.266666666666667,1,422.0,25.0,1.0,0.0,-1.5076923076923077,26.142857142857142,0.0
13.0,20.0,0.0,female,3.0,2.0,0.0,1.0,30.0,149.0,149.0,0.0,1.0,0.0,39.0,130385.686,4656.631642857143,23.25,28.0,501.0,111.0,4.473214285714286,1,1470.0,28.0,0.0,0.0,-0.40559440559440557,44.833333333333336,0.0
9.0,34.0,0.0,female,9.0,1.0,0.0,1.0,30.0,149.0,149.0,0.0,1.0,0.0,19.0,69550.441,4091.202411764706,13.529411764705882,17.0,301.0,6.0,43.0,1,4083.0,0.0,0.0,0.0,-0.8155844155844156,33.333333333333336,0.0
1.0,,1.0,,7.0,1.0,0.0,1.0,30.0,99.0,99.0,0.0,1.0,0.0,41.0,0.0,0.0,0.0,0.0,0.0,0.0,0.0,0,101.0,8.0,0.0,0.0,0.0,31.0,0.0
4.0,47.0,0.0,female,9.0,2.0,0.0,1.0,30.0,149.0,149.0,0.0,1.0,0.0,39.0,113347.532,5667.3766000000005,37.15,20.0,381.0,462.0,0.8228941684665226,1,3705.0,28.0,0.0,0.0,0.9215686274509803,40.611111111111114,0.0
13.0,33.0,0.0,female,3.0,1.0,0.0,1.0,30.0,149.0,149.0,0.0,1.0,0.0,40.0,88806.293,8073.299363636364,21.0,11.0,352.0,25.0,13.538461538461538,1,1370.0,22.0,0.0,-312.9,-93.6,173.0,0.0
1.0,,1.0,,7.0,1.0,0.0,1.0,30.0,99.0,99.0,0.0,1.0,0.0,41.0,0.0,0.0,0.0,0.0,0.0,0.0,0.0,0,605.0,24.0,0.0,0.0,0.01238390092879257,30.555555555555557,0.0
17.0,50.0,0.0,female,4.0,1.0,0.0,1.0,30.0,149.0,149.0,0.0,1.0,0.0,40.0,6450.031,2150.010333333333,10.666666666666666,3.0,22.0,11.0,1.8333333333333333,1,321.0,14.0,0.0,-12.416666666666666,-6.428571428571429,39.142857142857146,0.0
17.0,28.0,0.0,female,9.0,1.0,0.0,0.0,30.0,180.0,180.0,0.0,0.0,0.0,36.0,430137.591,13875.406161290322,54.645161290322584,31.0,1594.0,263.0,6.037878787878788,1,885.0,21.0,0.0,0.0,0.22807017543859648,41.05555555555556,0.0
13.0,37.0,0.0,male,3.0,1.0,0.0,1.0,30.0,149.0,149.0,0.0,1.0,0.0,31.0,249137.489,9227.314407407408,37.7037037037037,27.0,899.0,275.0,3.2572463768115942,1,857.0,0.0,0.0,0.0,-0.8155844155844156,33.333333333333336,0.0
,,,,,1.0,0.0,1.0,30.0,149.0,149.0,0.0,1.0,0.0,41.0,0.0,0.0,0.0,0.0,0.0,0.0,0.0,0,,6.0,0.0,0.0,0.02076923076923077,30.48,0.0
6.0,22.0,0.0,female,3.0,1.0,0.0,0.0,30.0,149.0,149.0,0.0,0.0,0.0,38.0,78676.05,3026.001923076923,12.73076923076923,26.0,312.0,28.0,10.758620689655173,1,1735.0,15.0,0.0,0.0,-1.8214285714285714,33.714285714285715,0.0
13.0,20.0,0.0,female,7.0,1.0,0.0,1.0,30.0,99.0,99.0,0.0,1.0,0.0,41.0,45490.706,3249.336142857143,20.214285714285715,14.0,144.0,134.0,1.0666666666666667,1,1354.0,13.0,0.0,-1.93,-0.033478260869565214,29.791666666666668,1.0
1.0,,1.0,,3.0,1.0,0.0,0.0,30.0,149.0,149.0,0.0,0.0,0.0,38.0,268456.342,8948.544733333334,38.833333333333336,30.0,988.0,315.0,3.1265822784810124,1,1287.0,21.0,0.0,0.0,0.0,0.0,0.0
13.0,22.0,0.0,male,3.0,2.0,0.0,0.0,30.0,149.0,149.0,0.0,0.0,0.0,38.0,131168.457,6558.42285,22.25,20.0,492.0,122.0,4.0,1,698.0,10.0,0.0,0.0,0.32857142857142857,30.904761904761905,0.0
15.0,,1.0,,3.0,1.0,0.0,1.0,30.0,149.0,149.0,0.0,1.0,0.0,27.0,94849.523,3387.4829642857144,18.285714285714285,28.0,372.0,199.0,1.86,1,1172.0,17.0,0.0,0.0,0.048484848484848485,30.6,0.0
17.0,31.0,0.0,male,9.0,1.0,0.0,1.0,30.0,149.0,149.0,0.0,1.0,0.0,33.0,0.0,0.0,0.0,0.0,0.0,0.0,0.0,0,1887.0,0.0,0.0,0.0,-0.8155844155844156,33.333333333333336,0.0
1.0,,1.0,,7.0,1.0,0.0,1.0,30.0,99.0,99.0,0.0,1.0,0.0,41.0,0.0,0.0,0.0,0.0,0.0,0.0,0.0,0,501.0,12.0,0.0,0.0,0.03214285714285714,30.533333333333335,0.0
,,,,,2.0,1.0,1.0,30.0,129.0,129.0,0.0,1.0,1.0,41.0,0.0,0.0,0.0,0.0,0.0,0.0,0.0,0,,19.0,0.0,0.0,0.02076923076923077,30.48,0.0
15.0,28.0,0.0,female,9.0,2.0,0.0,1.0,30.0,149.0,149.0,0.0,1.0,0.0,39.0,0.0,0.0,0.0,0.0,0.0,0.0,0.0,0,2452.0,28.0,0.0,0.0,0.9215686274509803,40.611111111111114,0.0
,,,,,1.0,1.0,1.0,30.0,149.0,149.0,0.0,1.0,1.0,30.0,0.0,0.0,0.0,0.0,0.0,0.0,0.0,0,,20.0,0.0,74.5,-1.0,31.5,0.0
4.0,22.0,0.0,male,9.0,1.0,0.0,1.0,30.0,149.0,149.0,0.0,1.0,0.0,40.0,108426.425,3614.2141666666666,15.566666666666666,30.0,343.0,154.0,2.2129032258064516,1,3673.0,13.0,0.0,0.0,0.07076923076923076,30.52,0.0
1.0,,1.0,,4.0,1.0,1.0,1.0,30.0,180.0,180.0,0.0,1.0,1.0,36.0,0.0,0.0,0.0,0.0,0.0,0.0,0.0,0,261.0,12.0,0.0,0.0,-0.10714285714285714,30.857142857142858,0.0
1.0,,1.0,,7.0,1.0,0.0,1.0,30.0,149.0,149.0,0.0,1.0,0.0,41.0,194314.088,13879.577714285713,54.285714285714285,14.0,746.0,37.0,19.63157894736842,1,1351.0,7.0,0.0,4.469117647058823,1.4464285714285714,26.466666666666665,0.0
22.0,23.0,0.0,female,3.0,2.0,0.0,1.0,30.0,149.0,149.0,0.0,1.0,0.0,39.0,65158.513,2327.08975,9.035714285714286,28.0,240.0,66.0,3.582089552238806,1,571.0,28.0,0.0,0.0,-5.25,37.714285714285715,0.0
13.0,29.0,0.0,female,7.0,1.0,0.0,1.0,30.0,99.0,99.0,0.0,1.0,0.0,41.0,60464.773,4030.9848666666667,21.6,15.0,228.0,89.0,2.533333333333333,1,1297.0,7.0,0.0,-1.2862616310892172,-0.2606837606837607,28.74074074074074,0.0
1.0,,1.0,,7.0,2.0,1.0,1.0,30.0,99.0,99.0,0.0,1.0,1.0,41.0,0.0,0.0,0.0,0.0,0.0,0.0,0.0,0,1343.0,11.0,0.0,0.0,0.07692307692307693,30.5,0.0
5.0,17.0,0.0,female,9.0,1.0,0.0,0.0,200.0,930.0,930.0,0.0,0.0,0.0,20.0,133346.516,5556.104833333334,21.958333333333332,24.0,494.0,73.0,6.675675675675675,1,221.0,190.0,0.0,0.0,0.0,0.0,0.0
1.0,,1.0,,7.0,1.0,0.0,1.0,30.0,129.0,129.0,0.0,1.0,0.0,41.0,49617.245,16539.08166666667,63.666666666666664,3.0,197.0,6.0,28.142857142857142,1,1906.0,18.0,0.0,3.9367647058823527,1.4,26.333333333333332,0.0
1.0,,1.0,,7.0,1.0,0.0,1.0,30.0,99.0,99.0,0.0,1.0,0.0,41.0,6366.432,1273.2864,3.4,5.0,23.0,6.0,3.2857142857142856,1,1083.0,13.0,0.0,0.0,0.2,30.5,0.0
1.0,,1.0,,7.0,1.0,0.0,1.0,30.0,149.0,149.0,0.0,1.0,0.0,41.0,0.0,0.0,0.0,0.0,0.0,0.0,0.0,0,1726.0,20.0,0.0,0.0,0.02076923076923077,30.48,0.0
1.0,,1.0,,7.0,1.0,0.0,1.0,30.0,99.0,99.0,0.0,1.0,0.0,41.0,9909.337,3303.112333333333,7.666666666666667,3.0,37.0,0.0,37.0,1,482.0,24.0,0.0,0.0,0.05054945054945055,30.5,0.0
1.0,,1.0,,7.0,1.0,0.0,1.0,30.0,99.0,99.0,0.0,1.0,0.0,41.0,1047.2849999999999,349.09499999999997,1.6666666666666667,3.0,2.0,1.0,1.0,1,237.0,23.0,0.0,0.0,3.3,36.6,0.0
1.0,25.0,0.0,female,3.0,1.0,0.0,1.0,30.0,180.0,180.0,0.0,1.0,0.0,36.0,33821.143,3757.9047777777773,21.555555555555557,9.0,136.0,43.0,3.090909090909091,1,222.0,6.0,0.0,0.0,-0.08571428571428572,30.833333333333332,0.0
13.0,26.0,0.0,female,3.0,1.0,0.0,1.0,30.0,149.0,149.0,0.0,1.0,0.0,40.0,228894.294,7629.8098,27.833333333333332,30.0,926.0,48.0,18.897959183673468,1,1653.0,1.0,0.0,0.0,0.02076923076923077,30.48,0.0
1.0,,1.0,,7.0,1.0,0.0,1.0,30.0,99.0,99.0,0.0,1.0,0.0,41.0,0.0,0.0,0.0,0.0,0.0,0.0,0.0,0,614.0,2.0,0.0,0.0,0.0035087719298245615,30.57894736842105,0.0
1.0,,1.0,,7.0,1.0,0.0,1.0,30.0,99.0,99.0,0.0,1.0,0.0,41.0,83432.59,4635.143888888889,12.666666666666666,18.0,335.0,105.0,3.160377358490566,1,510.0,21.0,0.0,0.0,0.03214285714285714,30.533333333333335,0.0
15.0,30.0,0.0,male,9.0,1.0,0.0,1.0,30.0,149.0,149.0,0.0,1.0,0.0,34.0,22775.443,1265.3023888888888,4.166666666666667,18.0,59.0,24.0,2.36,1,4085.0,0.0,0.0,0.0,-0.8155844155844156,33.333333333333336,0.0
4.0,23.0,0.0,male,3.0,1.0,0.0,1.0,30.0,149.0,149.0,0.0,1.0,0.0,27.0,179078.683,10534.040176470588,40.411764705882355,17.0,695.0,27.0,24.821428571428573,1,595.0,4.0,0.0,0.0,-0.5824175824175825,28.23076923076923,0.0
1.0,,1.0,,7.0,1.0,0.0,1.0,30.0,149.0,149.0,0.0,1.0,0.0,41.0,77449.952,2978.8443076923077,20.807692307692307,26.0,242.0,179.0,1.3444444444444446,1,888.0,4.0,0.0,1.0098522167487685,0.14713064713064714,28.22222222222222,0.0
,,,,,1.0,0.0,1.0,30.0,99.0,99.0,0.0,1.0,0.0,41.0,0.0,0.0,0.0,0.0,0.0,0.0,0.0,0,,26.0,0.0,0.0,0.1,30.75,0.0
1.0,,1.0,,7.0,1.0,0.0,1.0,30.0,99.0,99.0,0.0,1.0,0.0,41.0,0.0,0.0,0.0,0.0,0.0,0.0,0.0,0,566.0,16.0,0.0,0.0,0.024509803921568627,30.529411764705884,0.0
1.0,,1.0,,3.0,1.0,0.0,0.0,30.0,149.0,149.0,0.0,0.0,0.0,38.0,166704.027,5377.549258064516,18.838709677419356,31.0,474.0,250.0,1.8884462151394423,1,1285.0,5.0,0.0,0.0,-3.0,32.5,0.0
1.0,,1.0,,7.0,1.0,0.0,1.0,30.0,129.0,129.0,0.0,1.0,0.0,41.0,10918.405,909.8670833333334,6.583333333333333,12.0,39.0,43.0,0.8863636363636364,1,2242.0,20.0,0.0,0.0,0.02076923076923077,30.48,0.0
1.0,,1.0,,4.0,1.0,0.0,0.0,30.0,149.0,149.0,0.0,0.0,0.0,38.0,471049.518,16243.086827586207,68.03448275862068,29.0,1774.0,558.0,3.1735241502683365,1,524.0,6.0,0.0,14.9,-90.0,111.66666666666667,0.0
1.0,,1.0,,7.0,1.0,0.0,1.0,30.0,100.0,100.0,0.0,1.0,0.0,41.0,135695.21899999998,9692.51564285714,39.142857142857146,14.0,517.0,58.0,8.76271186440678,1,50.0,19.0,0.0,0.0,0.0,0.0,0.0
1.0,22.0,0.0,male,3.0,1.0,0.0,0.0,30.0,180.0,180.0,0.0,0.0,0.0,29.0,90752.089,4125.094954545455,6.818181818181818,22.0,359.0,55.0,6.410714285714286,1,457.0,12.0,0.0,0.0,0.0,0.0,0.0
1.0,,1.0,,7.0,1.0,0.0,1.0,30.0,99.0,99.0,0.0,1.0,0.0,41.0,89361.923,3574.4769199999996,13.92,25.0,371.0,23.0,15.458333333333334,1,591.0,11.0,0.0,0.0,0.02786377708978328,30.5,0.0
1.0,,1.0,,7.0,1.0,0.0,1.0,30.0,99.0,99.0,0.0,1.0,0.0,41.0,0.0,0.0,0.0,0.0,0.0,0.0,0.0,0,594.0,14.0,0.0,0.0,0.029927760577915376,30.5,0.0
1.0,,1.0,,7.0,2.0,1.0,1.0,30.0,129.0,129.0,0.0,1.0,1.0,41.0,455707.52,18987.813333333335,59.708333333333336,24.0,1676.0,133.0,12.507462686567164,1,31.0,0.0,0.0,0.0,0.0,0.0,0.0
12.0,21.0,0.0,male,9.0,1.0,0.0,1.0,30.0,149.0,149.0,0.0,1.0,0.0,40.0,129238.087,4456.48575862069,20.482758620689655,29.0,513.0,202.0,2.5270935960591134,1,649.0,26.0,0.0,-127.71428571428571,-40.392857142857146,84.57142857142857,0.0
13.0,36.0,0.0,female,3.0,1.0,0.0,1.0,30.0,149.0,149.0,0.0,1.0,0.0,37.0,159672.721,5702.597178571428,12.071428571428571,28.0,673.0,38.0,17.256410256410255,1,1215.0,27.0,0.0,0.0,1.1754385964912282,38.526315789473685,0.0
13.0,,1.0,,9.0,1.0,0.0,0.0,30.0,149.0,149.0,0.0,0.0,0.0,38.0,190523.59100000001,6804.413964285714,29.821428571428573,28.0,753.0,82.0,9.072289156626505,1,1215.0,11.0,0.0,-1.0456140350877192,-1.390092879256966,40.833333333333336,0.0
8.0,34.0,0.0,female,7.0,1.0,0.0,1.0,30.0,99.0,99.0,0.0,1.0,0.0,41.0,139916.546,10762.811230769232,36.0,13.0,571.0,79.0,7.1375,1,1123.0,26.0,0.0,-2.1367521367521367,-0.12,29.26923076923077,0.0
5.0,25.0,0.0,female,9.0,1.0,0.0,1.0,30.0,149.0,149.0,0.0,1.0,0.0,37.0,433932.522,15497.59007142857,63.892857142857146,28.0,1829.0,128.0,14.178294573643411,1,4398.0,24.0,0.0,0.0,0.013076923076923076,30.52,0.0
,,,,,1.0,0.0,1.0,30.0,99.0,99.0,0.0,1.0,0.0,41.0,0.0,0.0,0.0,0.0,0.0,0.0,0.0,0,,16.0,0.0,0.0,0.03823529411764706,30.5,0.0
1.0,,1.0,,7.0,1.0,0.0,1.0,30.0,99.0,99.0,0.0,1.0,0.0,41.0,87814.668,9757.185333333335,38.22222222222222,9.0,383.0,2.0,127.66666666666667,1,527.0,8.0,0.0,0.0,0.03823529411764706,30.5,0.0
1.0,,1.0,,7.0,1.0,0.0,1.0,30.0,149.0,149.0,0.0,1.0,0.0,41.0,33051.11,1739.532105263158,5.894736842105263,19.0,114.0,35.0,3.1666666666666665,1,1505.0,14.0,0.0,0.0,0.02076923076923077,30.48,0.0
1.0,,1.0,,7.0,1.0,0.0,1.0,30.0,149.0,149.0,0.0,1.0,0.0,41.0,203400.497,6561.30635483871,23.677419354838708,31.0,700.0,178.0,3.910614525139665,1,660.0,19.0,0.0,2.103896103896104,0.02556390977443609,30.5,0.0
1.0,,1.0,,7.0,1.0,0.0,1.0,30.0,99.0,99.0,0.0,1.0,0.0,41.0,705.475,705.475,4.0,1.0,3.0,1.0,1.5,1,605.0,24.0,0.0,0.0,0.01238390092879257,30.555555555555557,0.0
1.0,,1.0,,7.0,1.0,0.0,1.0,30.0,99.0,99.0,0.0,1.0,0.0,41.0,1040.967,520.4835,7.5,2.0,2.0,9.0,0.2,1,98.0,6.0,0.0,0.0,1.0,30.5,0.0
1.0,,1.0,,7.0,1.0,0.0,1.0,30.0,99.0,99.0,0.0,1.0,0.0,41.0,88111.277,3146.8313214285713,13.035714285714286,28.0,291.0,99.0,2.91,1,949.0,1.0,0.0,-5.274725274725275,-0.13736263736263737,27.0,0.0
1.0,,1.0,,7.0,1.0,0.0,1.0,30.0,99.0,99.0,0.0,1.0,0.0,41.0,8019.111,2004.77775,10.25,4.0,30.0,4.0,6.0,1,621.0,9.0,0.0,0.0,0.0035087719298245615,30.57894736842105,0.0
1.0,,1.0,,7.0,1.0,0.0,1.0,30.0,99.0,99.0,0.0,1.0,0.0,41.0,447204.85599999997,14425.963096774192,54.193548387096776,31.0,1848.0,166.0,11.065868263473053,1,1381.0,11.0,0.0,0.0,0.04395604395604396,30.53846153846154,0.0
1.0,,1.0,,9.0,1.0,0.0,1.0,30.0,149.0,149.0,0.0,1.0,0.0,18.0,467509.162,20326.485304347825,81.04347826086956,23.0,1850.0,17.0,102.77777777777777,1,425.0,0.0,0.0,0.0,-12.80952380952381,49.25,0.0
1.0,,1.0,,7.0,6.0,0.0,1.0,30.0,149.0,149.0,0.0,1.0,0.0,41.0,0.0,0.0,0.0,0.0,0.0,0.0,0.0,0,1468.0,427.0,1.0,-8.869047619047619,8.178571428571429,48.57142857142857,1.0
5.0,23.0,0.0,female,9.0,1.0,0.0,0.0,30.0,149.0,149.0,0.0,0.0,0.0,38.0,157134.106,5418.417448275862,18.655172413793103,29.0,574.0,180.0,3.1712707182320443,1,3380.0,6.0,0.0,0.0,0.12967032967032968,30.5,0.0
1.0,,1.0,,7.0,1.0,0.0,1.0,30.0,99.0,99.0,0.0,1.0,0.0,41.0,81287.36200000001,3126.4370000000004,12.653846153846153,26.0,181.0,243.0,0.7418032786885246,1,513.0,24.0,0.0,0.0,0.03214285714285714,30.533333333333335,0.0
1.0,,1.0,,7.0,1.0,0.0,1.0,30.0,99.0,99.0,0.0,1.0,0.0,41.0,10813.57,831.8130769230769,6.0,13.0,26.0,20.0,1.2380952380952381,1,1291.0,12.0,0.0,-2.7472527472527473,-0.011623931623931624,29.307692307692307,0.0
4.0,33.0,0.0,female,3.0,1.0,0.0,1.0,30.0,149.0,149.0,0.0,1.0,0.0,40.0,13104.641,1310.4641,4.3,10.0,52.0,14.0,3.466666666666667,1,1555.0,17.0,0.0,0.0,0.02076923076923077,30.48,0.0
1.0,,1.0,,7.0,1.0,0.0,1.0,30.0,100.0,100.0,0.0,1.0,0.0,41.0,39334.558,2622.3038666666666,15.333333333333334,15.0,134.0,84.0,1.576470588235294,1,1644.0,0.0,0.0,0.0,0.0,27.0,0.0
1.0,,1.0,,7.0,1.0,0.0,1.0,30.0,99.0,99.0,0.0,1.0,0.0,41.0,2770.869,346.358625,2.375,8.0,8.0,6.0,1.1428571428571428,1,78.0,17.0,0.0,0.0,0.0,30.0,0.0
22.0,27.0,0.0,male,4.0,2.0,0.0,0.0,30.0,180.0,180.0,0.0,0.0,0.0,36.0,23455.364,1954.6136666666669,15.083333333333334,12.0,78.0,113.0,0.6842105263157895,1,380.0,25.0,0.0,1.3636363636363635,0.38181818181818183,31.9,0.0
22.0,32.0,0.0,male,9.0,3.0,0.0,1.0,30.0,149.0,149.0,0.0,1.0,0.0,39.0,6807.192,6807.192,5.0,1.0,28.0,2.0,9.333333333333334,1,3607.0,59.0,0.0,0.0,1.3063725490196079,41.1764705882353,0.0
1.0,,1.0,,7.0,1.0,0.0,1.0,30.0,99.0,99.0,0.0,1.0,0.0,41.0,1784.843,1784.843,5.0,1.0,5.0,1.0,2.5,1,1041.0,19.0,0.0,0.0,0.4,30.5,0.0
1.0,,1.0,,7.0,1.0,1.0,1.0,30.0,99.0,99.0,0.0,1.0,1.0,41.0,0.0,0.0,0.0,0.0,0.0,0.0,0.0,0,438.0,11.0,0.0,0.0,0.07692307692307693,30.46153846153846,0.0
14.0,23.0,0.0,female,3.0,2.0,0.0,1.0,30.0,149.0,149.0,0.0,1.0,0.0,39.0,266306.509,9510.946750000001,42.464285714285715,28.0,1024.0,235.0,4.338983050847458,1,1109.0,28.0,0.0,0.0,0.9215686274509803,40.611111111111114,0.0
1.0,,1.0,,7.0,1.0,0.0,1.0,30.0,99.0,99.0,0.0,1.0,0.0,41.0,283093.217,12867.8735,11.0,22.0,1097.0,36.0,29.64864864864865,1,1225.0,0.0,0.0,-2.558839627805145,0.10805860805860806,28.48148148148148,0.0
,,,,,1.0,0.0,1.0,30.0,99.0,99.0,0.0,1.0,0.0,41.0,0.0,0.0,0.0,0.0,0.0,0.0,0.0,0,,19.0,0.0,0.0,1.0,30.5,0.0
,,,,,1.0,0.0,1.0,30.0,149.0,149.0,0.0,1.0,0.0,30.0,0.0,0.0,0.0,0.0,0.0,0.0,0.0,0,,4.0,0.0,149.0,0.0,31.0,0.0
1.0,,1.0,,7.0,1.0,0.0,1.0,30.0,99.0,99.0,0.0,1.0,0.0,41.0,10850.244,2712.561,9.25,4.0,30.0,6.0,4.285714285714286,1,539.0,20.0,0.0,0.0,0.03823529411764706,30.5,0.0
1.0,,1.0,female,7.0,1.0,0.0,1.0,30.0,129.0,129.0,0.0,1.0,0.0,41.0,404677.894,15564.534384615383,53.96153846153846,26.0,1567.0,125.0,12.436507936507937,1,868.0,3.0,0.0,0.541871921182266,-0.12148962148962149,28.666666666666668,0.0
,,,,,1.0,0.0,1.0,30.0,99.0,99.0,0.0,1.0,0.0,41.0,0.0,0.0,0.0,0.0,0.0,0.0,0.0,0,,26.0,0.0,0.0,0.016666666666666666,30.666666666666668,0.0
1.0,,1.0,,7.0,1.0,0.0,1.0,30.0,149.0,149.0,0.0,1.0,0.0,41.0,33441.714,2388.6938571428573,22.214285714285715,14.0,86.0,197.0,0.43434343434343436,1,106.0,13.0,0.0,0.0,0.0,31.0,0.0
1.0,,1.0,,7.0,1.0,0.0,1.0,30.0,99.0,99.0,0.0,1.0,0.0,41.0,0.0,0.0,0.0,0.0,0.0,0.0,0.0,0,252.0,6.0,0.0,0.0,0.0,30.714285714285715,0.0
1.0,,1.0,,7.0,1.0,0.0,1.0,30.0,99.0,99.0,0.0,1.0,0.0,41.0,10819.94,1352.4925,5.5,8.0,37.0,5.0,6.166666666666667,1,1149.0,24.0,0.0,0.0,1.0,30.5,0.0
1.0,,1.0,,7.0,1.0,1.0,1.0,30.0,99.0,99.0,0.0,1.0,1.0,41.0,30372.204999999998,3374.6894444444442,8.777777777777779,9.0,163.0,3.0,40.75,1,374.0,6.0,0.0,0.0,0.01818181818181818,30.636363636363637,0.0
1.0,,1.0,,7.0,1.0,0.0,1.0,30.0,99.0,99.0,0.0,1.0,0.0,41.0,70045.808,3686.6214736842107,23.157894736842106,19.0,140.0,238.0,0.5857740585774058,1,1132.0,6.0,1.0,-0.3968253968253968,-0.24205128205128204,29.307692307692307,0.0
1.0,,1.0,,7.0,1.0,0.0,1.0,30.0,99.0,99.0,0.0,1.0,0.0,41.0,4531.072,2265.536,9.5,2.0,17.0,1.0,8.5,1,576.0,11.0,0.0,-2.007518796992481,-0.17894736842105263,28.105263157894736,0.0
1.0,,1.0,,7.0,1.0,0.0,1.0,30.0,149.0,149.0,0.0,1.0,0.0,41.0,172674.899,7507.604304347827,29.73913043478261,23.0,667.0,39.0,16.675,1,1344.0,3.0,0.0,0.0,0.02076923076923077,30.48,0.0
22.0,24.0,0.0,female,9.0,1.0,0.0,1.0,30.0,149.0,149.0,0.0,1.0,0.0,33.0,372051.804,12001.671096774193,46.03225806451613,31.0,1318.0,494.0,2.6626262626262625,1,2940.0,0.0,0.0,0.0,-0.8155844155844156,33.333333333333336,0.0
1.0,,1.0,,7.0,1.0,0.0,1.0,30.0,99.0,99.0,0.0,1.0,0.0,41.0,6582.226000000001,1097.0376666666668,6.333333333333333,6.0,19.0,15.0,1.1875,1,1792.0,0.0,0.0,0.0,-1.3970588235294117,34.25,0.0
1.0,,1.0,,7.0,1.0,0.0,1.0,30.0,99.0,99.0,0.0,1.0,0.0,41.0,261161.433,8705.3811,32.93333333333333,30.0,971.0,48.0,19.816326530612244,1,121.0,0.0,0.0,0.0,-1.5,30.0,0.0
1.0,,1.0,,7.0,1.0,0.0,1.0,30.0,99.0,99.0,0.0,1.0,0.0,41.0,0.0,0.0,0.0,0.0,0.0,0.0,0.0,0,512.0,23.0,0.0,0.0,0.7736263736263737,32.714285714285715,0.0
5.0,26.0,0.0,female,4.0,1.0,0.0,1.0,30.0,180.0,180.0,0.0,1.0,0.0,36.0,527314.015,17010.129516129033,67.2258064516129,31.0,1476.0,1760.0,0.838160136286201,1,421.0,4.0,0.0,-13.636363636363637,-3.9212121212121214,37.9,0.0
5.0,31.0,0.0,female,9.0,1.0,0.0,1.0,30.0,149.0,149.0,0.0,1.0,0.0,37.0,15710.173,3142.0346,16.6,5.0,62.0,18.0,3.263157894736842,1,4401.0,10.0,0.0,0.0,0.013076923076923076,30.52,0.0
22.0,27.0,0.0,female,9.0,1.0,0.0,1.0,30.0,149.0,149.0,0.0,1.0,0.0,40.0,10352.449,1294.056125,7.0,8.0,30.0,24.0,1.2,1,2125.0,27.0,0.0,0.0,0.05714285714285714,30.666666666666668,0.0
,,,,,1.0,0.0,1.0,30.0,99.0,99.0,0.0,1.0,0.0,41.0,0.0,0.0,0.0,0.0,0.0,0.0,0.0,0,,1.0,0.0,0.0,0.11538461538461539,30.416666666666668,0.0
1.0,,1.0,,9.0,1.0,0.0,1.0,30.0,180.0,180.0,0.0,1.0,0.0,36.0,84154.346,4207.7173,20.7,20.0,343.0,94.0,3.610526315789474,1,750.0,4.0,0.0,2.2,-0.6075187969924812,33.8,0.0
1.0,,1.0,,7.0,1.0,0.0,1.0,30.0,99.0,99.0,0.0,1.0,0.0,41.0,145420.847,5593.1095000000005,29.153846153846153,26.0,457.0,449.0,1.0155555555555555,1,523.0,3.0,0.0,0.0,0.016176470588235296,30.5625,0.0
22.0,48.0,0.0,male,9.0,1.0,0.0,1.0,30.0,149.0,149.0,0.0,1.0,0.0,34.0,39568.347,3043.719,18.076923076923077,13.0,140.0,88.0,1.5730337078651686,1,2823.0,0.0,0.0,0.0,-0.8155844155844156,33.333333333333336,0.0
12.0,19.0,0.0,male,7.0,1.0,0.0,1.0,30.0,99.0,99.0,0.0,1.0,0.0,41.0,16890.691,1299.283923076923,7.538461538461538,13.0,58.0,36.0,1.5675675675675675,1,391.0,23.0,0.0,0.0,1.3151515151515152,33.7,0.0
,,,,,1.0,0.0,1.0,30.0,99.0,99.0,0.0,1.0,0.0,41.0,0.0,0.0,0.0,0.0,0.0,0.0,0.0,0,,0.0,0.0,0.0,-7.976190476190476,42.0,0.0
1.0,,1.0,,7.0,1.0,0.0,1.0,30.0,99.0,99.0,0.0,1.0,0.0,41.0,1874.415,234.301875,4.125,8.0,1.0,29.0,0.03333333333333333,1,594.0,13.0,0.0,0.0,0.01238390092879257,30.555555555555557,0.0
1.0,,1.0,,9.0,1.0,0.0,1.0,30.0,180.0,180.0,0.0,1.0,0.0,36.0,161108.936,5197.062451612903,18.677419354838708,31.0,524.0,147.0,3.5405405405405403,1,259.0,9.0,0.0,0.0,-0.10714285714285714,30.857142857142858,0.0
1.0,,1.0,,7.0,1.0,0.0,1.0,30.0,99.0,99.0,0.0,1.0,0.0,41.0,11348.369999999999,2269.674,20.0,5.0,58.0,75.0,0.7631578947368421,1,238.0,23.0,0.0,0.0,3.1,36.8,0.0
1.0,,1.0,,7.0,3.0,1.0,1.0,30.0,99.0,99.0,0.0,1.0,1.0,41.0,206457.618,6881.9205999999995,30.7,30.0,817.0,205.0,3.966019417475728,1,2170.0,25.0,0.0,-0.8424908424908425,-0.28512820512820514,28.615384615384617,0.0
4.0,27.0,0.0,male,3.0,1.0,0.0,1.0,30.0,149.0,149.0,0.0,1.0,0.0,37.0,0.0,0.0,0.0,0.0,0.0,0.0,0.0,0,1556.0,21.0,0.0,0.0,0.013076923076923076,30.52,0.0
13.0,25.0,0.0,male,9.0,1.0,0.0,1.0,30.0,149.0,149.0,0.0,1.0,0.0,31.0,331503.712,10693.668129032258,61.58064516129032,31.0,1159.0,741.0,1.5619946091644206,1,2910.0,0.0,0.0,0.0,-0.8155844155844156,33.333333333333336,0.0
1.0,,1.0,,7.0,1.0,0.0,1.0,30.0,99.0,99.0,0.0,1.0,0.0,41.0,57189.311,2723.300523809524,11.571428571428571,21.0,195.0,44.0,4.333333333333333,1,1075.0,9.0,0.0,0.0,0.4,30.5,0.0
13.0,24.0,0.0,male,9.0,1.0,0.0,1.0,30.0,149.0,149.0,0.0,1.0,0.0,40.0,97418.866,5127.308736842105,20.894736842105264,19.0,372.0,19.0,18.6,1,2646.0,27.0,0.0,0.0,-4.104395604395604,57.30769230769231,0.0
1.0,,1.0,,7.0,1.0,0.0,1.0,30.0,149.0,149.0,0.0,1.0,0.0,41.0,298820.062,9639.356838709677,39.225806451612904,31.0,1107.0,200.0,5.507462686567164,1,1636.0,21.0,0.0,0.0,0.02076923076923077,30.48,0.0
1.0,46.0,0.0,male,4.0,1.0,0.0,1.0,30.0,180.0,180.0,0.0,1.0,0.0,36.0,0.0,0.0,0.0,0.0,0.0,0.0,0.0,0,362.0,19.0,0.0,0.0,-0.006060606060606061,30.7,0.0
,,,,,1.0,0.0,1.0,30.0,99.0,99.0,0.0,1.0,0.0,41.0,0.0,0.0,0.0,0.0,0.0,0.0,0.0,0,,6.0,0.0,0.0,0.02786377708978328,30.5,0.0
1.0,,1.0,,7.0,1.0,0.0,1.0,30.0,99.0,99.0,0.0,1.0,0.0,41.0,11720.699,2344.1398,10.8,5.0,44.0,14.0,2.933333333333333,1,603.0,22.0,0.0,0.0,0.01238390092879257,30.555555555555557,0.0
1.0,,1.0,,7.0,1.0,0.0,1.0,30.0,99.0,99.0,0.0,1.0,0.0,41.0,88465.483,4423.274149999999,17.3,20.0,328.0,18.0,17.263157894736842,1,1106.0,3.0,0.0,-1.146688560481664,-0.27533577533577536,28.40740740740741,0.0
6.0,22.0,0.0,female,4.0,1.0,0.0,1.0,30.0,180.0,180.0,0.0,1.0,0.0,36.0,113420.71100000001,3911.059,16.06896551724138,29.0,395.0,90.0,4.34065934065934,1,42.0,11.0,0.0,0.0,0.0,0.0,0.0
22.0,29.0,0.0,female,3.0,1.0,0.0,1.0,30.0,149.0,149.0,0.0,1.0,0.0,40.0,211593.005,7296.31051724138,27.551724137931036,29.0,703.0,76.0,9.12987012987013,1,1579.0,22.0,0.0,0.0,0.20102564102564102,29.384615384615383,0.0
,,,,,1.0,0.0,1.0,30.0,99.0,99.0,0.0,1.0,0.0,41.0,0.0,0.0,0.0,0.0,0.0,0.0,0.0,0,,23.0,0.0,0.0,0.6714285714285714,32.6,0.0
14.0,32.0,0.0,female,9.0,2.0,0.0,1.0,30.0,149.0,149.0,0.0,1.0,0.0,39.0,0.0,0.0,0.0,0.0,0.0,0.0,0.0,0,4352.0,28.0,0.0,0.0,0.9215686274509803,40.611111111111114,0.0
1.0,,1.0,,7.0,1.0,0.0,1.0,30.0,99.0,99.0,0.0,1.0,0.0,41.0,66570.685,3025.940227272727,11.181818181818182,22.0,241.0,41.0,5.738095238095238,1,599.0,18.0,0.0,0.0,0.01238390092879257,30.555555555555557,0.0
1.0,,1.0,,7.0,1.0,0.0,1.0,30.0,149.0,149.0,0.0,1.0,0.0,41.0,2186.978,1093.489,3.5,2.0,10.0,1.0,5.0,1,1929.0,10.0,0.0,0.0,0.02076923076923077,30.48,0.0
,,,,,1.0,0.0,1.0,30.0,99.0,99.0,0.0,1.0,0.0,41.0,0.0,0.0,0.0,0.0,0.0,0.0,0.0,0,,0.0,0.0,0.0,-5.0,30.5,0.0
1.0,,1.0,,7.0,1.0,0.0,1.0,30.0,149.0,149.0,0.0,1.0,0.0,41.0,33773.47,1688.6735,11.1,20.0,90.0,106.0,0.8411214953271028,1,811.0,19.0,0.0,1.7230769230769232,0.03,30.44,0.0
1.0,,1.0,,7.0,1.0,0.0,1.0,30.0,100.0,100.0,0.0,1.0,0.0,41.0,391.815,195.9075,2.5,2.0,0.0,2.0,0.0,1,79.0,17.0,0.0,0.0,0.0,31.0,0.0
22.0,22.0,0.0,female,9.0,2.0,0.0,1.0,30.0,149.0,149.0,0.0,1.0,0.0,39.0,46481.635,5164.626111111112,20.22222222222222,9.0,166.0,50.0,3.2549019607843137,1,3147.0,28.0,0.0,0.0,0.9215686274509803,40.611111111111114,0.0
5.0,27.0,0.0,male,9.0,1.0,0.0,0.0,30.0,180.0,180.0,0.0,0.0,0.0,36.0,414588.714,13373.829483870966,44.483870967741936,31.0,1543.0,296.0,5.1952861952861955,1,3627.0,14.0,0.0,9.0,13.5,135.33333333333334,0.0
,,,,,1.0,0.0,1.0,30.0,99.0,99.0,0.0,1.0,0.0,41.0,0.0,0.0,0.0,0.0,0.0,0.0,0.0,0,,16.0,0.0,0.0,0.14285714285714285,30.5,0.0
,,,,,1.0,0.0,1.0,30.0,149.0,149.0,0.0,1.0,0.0,41.0,0.0,0.0,0.0,0.0,0.0,0.0,0.0,0,,20.0,0.0,8.527972027972028,2.518181818181818,25.09090909090909,0.0
,,,,,1.0,0.0,1.0,30.0,99.0,99.0,0.0,1.0,0.0,41.0,0.0,0.0,0.0,0.0,0.0,0.0,0.0,0,,9.0,0.0,0.0,0.0035087719298245615,30.57894736842105,0.0
,,,,,1.0,0.0,1.0,30.0,99.0,99.0,0.0,1.0,0.0,41.0,0.0,0.0,0.0,0.0,0.0,0.0,0.0,0,,17.0,0.0,0.0,0.016176470588235296,30.5625,0.0
1.0,,1.0,,7.0,1.0,0.0,1.0,30.0,99.0,99.0,0.0,1.0,0.0,41.0,101915.49399999999,3514.3273793103444,15.96551724137931,29.0,354.0,188.0,1.873015873015873,1,2070.0,11.0,0.0,-2.5641025641025643,-0.07179487179487179,28.76923076923077,0.0
5.0,39.0,0.0,female,3.0,1.0,0.0,1.0,30.0,180.0,180.0,0.0,1.0,0.0,36.0,2046.176,682.0586666666667,1.3333333333333333,3.0,15.0,1.0,7.5,1,906.0,6.0,0.0,1.3636363636363635,-4.63030303030303,39.2,0.0
1.0,,1.0,,7.0,1.0,0.0,1.0,30.0,100.0,100.0,0.0,1.0,0.0,41.0,11304.112000000001,3768.0373333333337,16.0,3.0,44.0,1.0,22.0,1,42.0,11.0,0.0,0.0,0.0,0.0,0.0
1.0,,1.0,,7.0,1.0,0.0,1.0,30.0,149.0,149.0,0.0,1.0,0.0,41.0,28232.515,3136.946111111111,16.444444444444443,9.0,109.0,37.0,2.8684210526315788,1,2222.0,18.0,0.0,0.5128205128205128,0.2317948717948718,29.23076923076923,0.0
,,,,,1.0,0.0,1.0,30.0,99.0,99.0,0.0,1.0,0.0,41.0,0.0,0.0,0.0,0.0,0.0,0.0,0.0,0,,6.0,0.0,0.0,0.4,30.5,0.0
5.0,,1.0,,9.0,1.0,0.0,1.0,30.0,149.0,149.0,0.0,1.0,0.0,40.0,367878.582,13138.520785714285,52.142857142857146,28.0,1513.0,34.0,43.22857142857143,1,704.0,27.0,0.0,-0.03676470588235294,0.3897058823529412,40.1875,0.0
,,,,,1.0,0.0,1.0,30.0,99.0,99.0,0.0,1.0,0.0,41.0,0.0,0.0,0.0,0.0,0.0,0.0,0.0,0,,0.0,0.0,0.0,-1.5,30.75,0.0
1.0,,1.0,,4.0,1.0,0.0,0.0,100.0,480.0,480.0,0.0,0.0,0.0,20.0,37901.340000000004,1994.8073684210528,10.842105263157896,19.0,106.0,111.0,0.9464285714285714,1,295.0,1.0,0.0,-78.1,14.0,87.0,0.0
1.0,,1.0,,7.0,1.0,0.0,1.0,30.0,99.0,99.0,0.0,1.0,0.0,41.0,0.0,0.0,0.0,0.0,0.0,0.0,0.0,0,531.0,11.0,0.0,0.0,0.016176470588235296,30.5625,0.0
1.0,,1.0,,7.0,1.0,0.0,1.0,30.0,99.0,99.0,0.0,1.0,0.0,41.0,0.0,0.0,0.0,0.0,0.0,0.0,0.0,0,309.0,2.0,0.0,0.0,0.016666666666666666,30.666666666666668,0.0
1.0,,1.0,,7.0,1.0,0.0,1.0,30.0,99.0,99.0,0.0,1.0,0.0,41.0,170156.06100000002,6302.076333333334,24.444444444444443,27.0,644.0,136.0,4.700729927007299,1,117.0,25.0,0.0,0.0,12.3,15.25,0.0
15.0,32.0,0.0,male,3.0,1.0,0.0,1.0,30.0,180.0,180.0,0.0,1.0,0.0,29.0,208149.467,8672.894458333334,34.375,24.0,755.0,103.0,7.259615384615385,1,939.0,26.0,0.0,0.0,-1.0,31.5,0.0
1.0,,1.0,,7.0,1.0,0.0,1.0,30.0,99.0,99.0,0.0,1.0,0.0,41.0,44664.582,2126.884857142857,11.619047619047619,21.0,149.0,75.0,1.9605263157894737,1,441.0,14.0,0.0,0.0,0.07692307692307693,30.46153846153846,0.0
1.0,,1.0,,7.0,1.0,0.0,1.0,30.0,100.0,100.0,0.0,1.0,0.0,41.0,4777.192,1194.298,5.0,4.0,18.0,2.0,6.0,1,56.0,25.0,0.0,0.0,0.0,0.0,0.0
14.0,20.0,0.0,male,7.0,1.0,0.0,1.0,30.0,149.0,149.0,0.0,1.0,0.0,41.0,0.0,0.0,0.0,0.0,0.0,0.0,0.0,0,497.0,22.0,1.0,0.0,440.0,222.0,0.0
13.0,57.0,0.0,male,9.0,2.0,0.0,1.0,30.0,149.0,149.0,0.0,1.0,0.0,39.0,0.0,0.0,0.0,0.0,0.0,0.0,0.0,0,2164.0,28.0,0.0,0.0,0.9215686274509803,40.611111111111114,0.0
1.0,,1.0,,7.0,1.0,0.0,1.0,30.0,149.0,149.0,0.0,1.0,0.0,41.0,1066.795,1066.795,4.0,1.0,4.0,0.0,4.0,1,1195.0,2.0,0.0,4.0588235294117645,1.1446078431372548,26.941176470588236,0.0
6.0,29.0,0.0,female,7.0,1.0,0.0,1.0,30.0,99.0,99.0,0.0,1.0,0.0,41.0,0.0,0.0,0.0,0.0,0.0,0.0,0.0,0,301.0,25.0,0.0,0.0,0.05952380952380952,30.625,0.0
12.0,23.0,0.0,female,7.0,2.0,0.0,1.0,30.0,99.0,99.0,0.0,1.0,0.0,41.0,138056.859,4453.447064516129,9.193548387096774,31.0,535.0,31.0,16.71875,1,1684.0,43.0,0.0,0.398046398046398,-0.39247863247863246,28.0,1.0
1.0,39.0,0.0,male,3.0,1.0,0.0,1.0,30.0,180.0,180.0,0.0,1.0,0.0,36.0,80410.264,3655.0119999999997,14.272727272727273,22.0,318.0,57.0,5.482758620689655,1,784.0,15.0,0.0,0.0,0.06666666666666667,30.7,0.0
10.0,28.0,0.0,female,9.0,1.0,0.0,1.0,30.0,149.0,149.0,0.0,1.0,0.0,37.0,19302.87,9651.435,32.5,2.0,81.0,2.0,27.0,1,4247.0,3.0,0.0,0.0,0.012307692307692308,30.52,0.0
,,,,,1.0,0.0,1.0,30.0,99.0,99.0,0.0,1.0,0.0,41.0,0.0,0.0,0.0,0.0,0.0,0.0,0.0,0,,23.0,0.0,0.0,3.3,38.25,0.0
5.0,38.0,0.0,male,9.0,2.0,0.0,1.0,30.0,149.0,149.0,0.0,1.0,0.0,39.0,258406.225,11745.737500000001,42.5,22.0,1098.0,32.0,33.27272727272727,1,2526.0,28.0,0.0,0.0,0.9215686274509803,40.611111111111114,0.0
1.0,,1.0,,7.0,1.0,0.0,1.0,30.0,99.0,99.0,0.0,1.0,0.0,41.0,250924.742,8094.346516129032,36.83870967741935,31.0,925.0,293.0,3.1462585034013606,1,1259.0,16.0,0.0,0.0,0.08333333333333333,30.555555555555557,0.0
13.0,,1.0,,9.0,2.0,0.0,1.0,30.0,149.0,149.0,0.0,1.0,0.0,39.0,4792.948,1198.237,4.75,4.0,18.0,0.0,18.0,1,561.0,28.0,0.0,0.0,0.3986013986013986,41.166666666666664,0.0
5.0,25.0,0.0,male,3.0,2.0,1.0,0.5,410.0,1788.0,1788.0,0.0,0.0,0.0,32.0,48013.09,1846.6573076923075,17.76923076923077,26.0,159.0,291.0,0.5445205479452054,1,1785.0,1.0,0.0,-1.1716239316239316,0.02076923076923077,30.48,0.0
1.0,,1.0,,7.0,1.0,0.0,1.0,30.0,99.0,99.0,0.0,1.0,0.0,41.0,79094.915,3042.112115384615,7.423076923076923,26.0,276.0,22.0,12.0,1,566.0,16.0,0.0,0.0,0.024509803921568627,30.529411764705884,0.0
,,,,,1.0,0.0,1.0,30.0,149.0,149.0,0.0,1.0,0.0,30.0,0.0,0.0,0.0,0.0,0.0,0.0,0.0,0,,25.0,0.0,12.416666666666666,0.0,30.714285714285715,0.0
13.0,24.0,0.0,male,9.0,2.0,0.0,0.0,30.0,180.0,180.0,0.0,0.0,0.0,36.0,78386.794,4899.174625,20.5,16.0,312.0,84.0,3.6705882352941175,1,1034.0,14.0,0.0,3.8337662337662337,1.1593984962406014,38.3,0.0
1.0,,1.0,,7.0,1.0,0.0,1.0,30.0,99.0,99.0,0.0,1.0,0.0,41.0,160851.126,5546.590551724137,26.03448275862069,29.0,591.0,188.0,3.126984126984127,1,1468.0,14.0,0.0,-2.2893772893772892,-0.12273504273504274,28.96153846153846,0.0
